"name","roll","batch","email"
"JARUPULA SAI CHARAN","2101235CS","2021-25","jarupula.2101235cs@iiitbh.ac.in"
"DIVYANSH RAI","2101030CS","2021-25","divyansh.2101030cs@iiitbh.ac.in"
"SHIVAM SRIVASTAVA","2101234EC","2021-25","shivam.2101234ec@iiitbh.ac.in"
"VIVEK GIRI","2101024CS","2021-25","vivek.2101024cs@iiitbh.ac.in"
"SANSKAR SRIVASTAVA","2101104EC","2021-25","sanskar.2101104ec@iiitbh.ac.in"
"AKSHAT KUMAR NIGAM","2101132CS","2021-25","akshat.2101132cs@iiitbh.ac.in"
"DISHA SINGH","2101176CS","2021-25","disha.2101176cs@iiitbh.ac.in"
"KUSHAGRA SANTOSH SRIVASTAVA","2101143CS","2021-25","kushagra.2101143cs@iiitbh.ac.in"
"ADITYA JEWARIA","2101227ME","2021-25","aditya.2101227me@iiitbh.ac.in"
"KUNAL DHRUW","2101184EC","2021-25","kunal.2101184ec@iiitbh.ac.in"
"ADITYA KUMAR","2101028CS","2021-25","aditya.2101028cs@iiitbh.ac.in"
"DEEPAK KUMAR","2101128CS","2021-25","deepak.2101128cs@iiitbh.ac.in"
"PAWAN MADDHESHIYA","2101106ME","2021-25","pawan.2101106me@iiitbh.ac.in"
"JEEVESH RAI","2101037CS","2021-25","jeevesh.2101037cs@iiitbh.ac.in"
"ABHIJEET KULSHRESTHA","2101144CS","2021-25","abhijeet.2101144cs@iiitbh.ac.in"
"AKSHAT SRIVASTAVA","2101131CS","2021-25","akshat.2101131cs@iiitbh.ac.in"
"HIMANSHU SHEKHAR","2101050CS","2021-25","himanshu.2101050cs@iiitbh.ac.in"
"VIVEK SHARMA","2101039CS","2021-25","vivek.2101039cs@iiitbh.ac.in"
"SAURABH SHARMA","2101136EC","2021-25","saurabh.2101136ec@iiitbh.ac.in"
"TANISHKA KUMARI","2101165EC","2021-25","tanishka.2101165ec@iiitbh.ac.in"
"ABDUL AZEEM","2101064EC","2021-25","abdul.2101064ec@iiitbh.ac.in"
"SAGNIK MODAK","2101083CS","2021-25","sagnik.2101083cs@iiitbh.ac.in"
"SANSKRITI MALVIYA","2101068CS","2021-25","sanskriti.2101068cs@iiitbh.ac.in"
"ANIKET KUMAR","2101191EC","2021-25","aniket.2101191ec@iiitbh.ac.in"
"KHUSHVANT KUMAR","2101225EC","2021-25","khushvant.2101225ec@iiitbh.ac.in"
"NITIN PATHAK","2101207CS","2021-25","nitin.2101207cs@iiitbh.ac.in"
"VIPUL KUMAR SINGH","2101152EC","2021-25","vipul.2101152ec@iiitbh.ac.in"
"SHIRSHAK GHATAK","2101247ME","2021-25","shirshak.2101247me@iiitbh.ac.in"
"MUDAVATH HARISH CHANDRA","2101237CS","2021-25","mudavath.2101237cs@iiitbh.ac.in"
"SIYA SHARMA","2101090EC","2021-25","siya.2101090ec@iiitbh.ac.in"
"SAMRIDHA KUMAR VYAS","2101209CS","2021-25","samridha.2101209cs@iiitbh.ac.in"
"SHIVANG SHARMA","2101081ME","2021-25","shivang.2101081me@iiitbh.ac.in"
"NAINVI SINGH","2101251CS","2021-25","nainvi.2101251cs@iiitbh.ac.in"
"HIMANSHU KUMAR","2101004CS","2021-25","himanshu.2101004cs@iiitbh.ac.in"
"VISHAL KUMAR PANKAJ","2101129CS","2021-25","vishal.2101129cs@iiitbh.ac.in"
"TUSHAR SHARMA","2101125CS","2021-25","tushar.2101125cs@iiitbh.ac.in"
"KUMMARI SIDDARTHA","2101117EC","2021-25","kummari.2101117ec@iiitbh.ac.in"
"KUMAR UJJAWAL","2101194ME","2021-25","kumar.2101194me@iiitbh.ac.in"
"VINIT KUMAR SINGH","2101061CS","2021-25","vinit.2101061cs@iiitbh.ac.in"
"SATVEER","2101094CS","2021-25","satveer.2101094cs@iiitbh.ac.in"
"MANISH KUMAR","2101015CS","2021-25","manish.2101015cs@iiitbh.ac.in"
"AYUSH KASHYAP SINHA","2101105CS","2021-25","ayush.2101105cs@iiitbh.ac.in"
"SIMSIM KUMARI","2101170CS","2021-25","simsim.2101170cs@iiitbh.ac.in"
"DESABOYINA VIKAS","2101162EC","2021-25","desaboyina.2101162ec@iiitbh.ac.in"
"ANSH SHARMA","2101126ME","2021-25","ansh.2101126me@iiitbh.ac.in"
"YASH PATHAK","2101021CS","2021-25","yash.2101021cs@iiitbh.ac.in"
"NIMANSHI SINGH","2101156CS","2021-25","nimanshi.2101156cs@iiitbh.ac.in"
"NITISH KUMAR","2101236ME","2021-25","nitish.2101236me@iiitbh.ac.in"
"YASH KUMAR","2101088EC","2021-25","yash.2101088ec@iiitbh.ac.in"
"ARPIT BAGHEL","2101216EC","2021-25","arpit.2101216ec@iiitbh.ac.in"
"VIVEK KUMAR","2101240ME","2021-25","vivek.2101240me@iiitbh.ac.in"
"AMRESH KUMAR","2101172ME","2021-25","amresh.2101172me@iiitbh.ac.in"
"AMRITANSHU SAWARN","2101181CS","2021-25","amritanshu.2101181cs@iiitbh.ac.in"
"AMAN KUMAR","2101010CS","2021-25","aman.2101010cs@iiitbh.ac.in"
"K.RAGHUNATHAN","2101230EC","2021-25","k.raghunathan.2101230ec@iiitbh.ac.in"
"SHIVAM KUMAR","2101053CS","2021-25","shivam.2101053cs@iiitbh.ac.in"
"KALURI HIMABINDHU","2101242CS","2021-25","kaluri.2101242cs@iiitbh.ac.in"
"SURAJ KUMAR","2101127EC","2021-25","suraj.2101127ec@iiitbh.ac.in"
"VIKASH KUMAR","2101067CS","2021-25","vikash.2101067cs@iiitbh.ac.in"
"ABHISHEK VERMA","2101134EC","2021-25","abhishek.2101134ec@iiitbh.ac.in"
"PRANJAL MESHRAM","2101115EC","2021-25","pranjal.2101115ec@iiitbh.ac.in"
"ARYAN SETH","2101218EC","2021-25","aryan.2101218ec@iiitbh.ac.in"
"KAUSTUV AKASH","2101146EC","2021-25","kaustuv.2101146ec@iiitbh.ac.in"
"ASHUTOSH KUMAR","2101206EC","2021-25","ashutosh.2101206ec@iiitbh.ac.in"
"SANTOSH KUMAR","2101204ME","2021-25","santosh.2101204me@iiitbh.ac.in"
"UTKARSH KUMAR","2001015","2021-25","utkarsh.cse.20015@iiitbh.ac.in"
"SHIVAM KUNTAL","2001052","2021-25","shivam.ece.20052@iiitbh.ac.in"
"JAYAM PANDIT","2101174ME","2021-25","jayam.2101174me@iiitbh.ac.in"
"YUVRAJ CHOUDHARY","2101168EC","2021-25","yuvraj.2101168ec@iiitbh.ac.in"
"AZAZ ALI","2101177EC","2021-25","azaz.2101177ec@iiitbh.ac.in"
"DARAVATHU CHANDRU NAYAK","2101224ME","2021-25","daravathu.2101224me@iiitbh.ac.in"
"TUSHAR BHATT","2101182CS","2021-25","tushar.2101182cs@iiitbh.ac.in"
"SATWIK SANAND","2101133CS","2021-25","satwik.2101133cs@iiitbh.ac.in"
"SHIVAM PRIYADARSHI","2101100EC","2021-25","shivam.2101100ec@iiitbh.ac.in"
"AMAN KUMAR","2101040CS","2021-25","aman.2101040cs@iiitbh.ac.in"
"AYUSH UPADHYAY","2101009CS","2021-25","ayush.2101009cs@iiitbh.ac.in"
"NEETESH SHAKYA","2101183EC","2021-25","neetesh.2101183ec@iiitbh.ac.in"
"JEMLA DESYA CHARAN KUMAR NAIK","2101205EC","2021-25","jemla.2101205ec@iiitbh.ac.in"
"AMAN KUMAR SINGH","2101140CS","2021-25","aman.2101140cs@iiitbh.ac.in"
"AKSHIT TYAGI","2101124CS","2021-25","akshit.2101124cs@iiitbh.ac.in"
"ANMOL RAJ SONI","2101107EC","2021-25","anmol.2101107ec@iiitbh.ac.in"
"RISHAB RAJ","2101103EC","2021-25","rishab.2101103ec@iiitbh.ac.in"
"HARSHIT VERMA","2101219CS","2021-25","harshit.2101219cs@iiitbh.ac.in"
"DHRUV GUPTA","2101041CS","2021-25","dhruv.2101041cs@iiitbh.ac.in"
"SUMIT GADESHWAR","2101197EC","2021-25","sumit.2101197ec@iiitbh.ac.in"
"MIHIR KHANDELWAL","2101189CS","2021-25","mihir.2101189cs@iiitbh.ac.in"
"HARSH SONI","2101123CS","2021-25","harsh.2101123cs@iiitbh.ac.in"
"PRASHANT KUMAR PANDEY","2101017CS","2021-25","prashant.2101017cs@iiitbh.ac.in"
"SATYAM KUMAR","2101149ME","2021-25","satyam.2101149me@iiitbh.ac.in"
"SYANKITA","2101217CS","2021-25","syankita.2101217cs@iiitbh.ac.in"
"SAURABH YADAV","2101098CS","2021-25","saurabh.2101098cs@iiitbh.ac.in"
"SUNNY KUMAR","2101188CS","2021-25","sunny.2101188cs@iiitbh.ac.in"
"OMKAR OMAR","2101084CS","2021-25","omkar.2101084cs@iiitbh.ac.in"
"SHRIJAL","2101097ME","2021-25","shrijal.2101097me@iiitbh.ac.in"
"AMAN RAJ","2101214EC","2021-25","aman.2101214ec@iiitbh.ac.in"
"SHUBHAM KUMAR","2101203CS","2021-25","shubham.2101203cs@iiitbh.ac.in"
"MRIGANK","2101034CS","2021-25","mrigank.2101034cs@iiitbh.ac.in"
"VIVEK TIWARI","2101178CS","2021-25","vivek.2101178cs@iiitbh.ac.in"
"NADIMPALLI SIVA CHARAN","2101048CS","2021-25","nadimpalli.2101048cs@iiitbh.ac.in"
"ANIKET SINGH","2101091CS","2021-25","aniket.2101091cs@iiitbh.ac.in"
"KRITI RAJ","2101066CS","2021-25","kriti.2101066cs@iiitbh.ac.in"
"PUNIT YADAV","2101012CS","2021-25","punit.2101012cs@iiitbh.ac.in"
"VISHAL SONI","2101185ME","2021-25","vishal.2101185me@iiitbh.ac.in"
"ALOK RANJAN","2101075CS","2021-25","alok.2101075cs@iiitbh.ac.in"
"GARV DIVYA","2101244ME","2021-25","garv.2101244me@iiitbh.ac.in"
"ISHIKA JHA","2101213CS","2021-25","ishika.2101213cs@iiitbh.ac.in"
"ABHINAV SHAKYA","2101038CS","2021-25","abhinav.2101038cs@iiitbh.ac.in"
"ANKIT KUMAR","2101026CS","2021-25","ankit.2101026cs@iiitbh.ac.in"
"PRIYA MISHRA","2101201ME","2021-25","priya.2101201me@iiitbh.ac.in"
"RISHIKESH KUMAR","2101171CS","2021-25","rishikesh.2101171cs@iiitbh.ac.in"
"SOHEL KHAN","2101109CS","2021-25","sohel.2101109cs@iiitbh.ac.in"
"AYUSH RAJ","2101198CS","2021-25","ayush.2101198cs@iiitbh.ac.in"
"VIPUL KUMAR","2101229CS","2021-25","vipul.2101229cs@iiitbh.ac.in"
"SANKET","2101031CS","2021-25","sanket.2101031cs@iiitbh.ac.in"
"PRAKHAR RAI","2101071CS","2021-25","prakhar.2101071cs@iiitbh.ac.in"
"RISHI RAJ","2101058CS","2021-25","rishi.2101058cs@iiitbh.ac.in"
"ARYAN SINGH","2101008CS","2021-25","aryan.2101008cs@iiitbh.ac.in"
"DIP BISWAS","2101023CS","2021-25","dip.2101023cs@iiitbh.ac.in"
"VIVEK","2101145CS","2021-25","vivek.2101145cs@iiitbh.ac.in"
"ABHISHEK SINGH","2101055CS","2021-25","abhishek.2101055cs@iiitbh.ac.in"
"SANKALP ASHISH","2101025CS","2021-25","sankalp.2101025cs@iiitbh.ac.in"
"KUMAR ABHINAV","2101166CS","2021-25","kumar.2101166cs@iiitbh.ac.in"
"ANIMESH SHUKLA","2101099CS","2021-25","animesh.2101099cs@iiitbh.ac.in"
"SAKSHAM DEV","2101087CS","2021-25","saksham.2101087cs@iiitbh.ac.in"
"TUSHAR BHARTI","2101195CS","2021-25","tushar.2101195cs@iiitbh.ac.in"
"SHIV DATTA DIXIT","2101077CS","2021-25","shiv.2101077cs@iiitbh.ac.in"
"SHUBHAM KUMAR","2101035CS","2021-25","shubham.2101035cs@iiitbh.ac.in"
"MD SOHAIL ANSARI","2101116CS","2021-25","md.2101116cs@iiitbh.ac.in"
"SAGAR VISHWAKARMA","2101160CS","2021-25","sagar.2101160cs@iiitbh.ac.in"
"GOHEL GAUTAMBHAI MANOJBHAI","2101239CS","2021-25","gohel.2101239cs@iiitbh.ac.in"
"ARYAN PANCHAL","2101187CS","2021-25","aryan.2101187cs@iiitbh.ac.in"
"MAYANK PANDEY","2101007CS","2021-25","mayank.2101007cs@iiitbh.ac.in"
"KUNDAN KUMAR","2101141EC","2021-25","kundan.2101141ec@iiitbh.ac.in"
"HARSHWARDHAN","2101014CS","2021-25","harshwardhan.2101014cs@iiitbh.ac.in"
"TANISH MITTAL","2101076CS","2021-25","tanish.2101076cs@iiitbh.ac.in"
"ATUL KRISHNA PARAUHA","2101019CS","2021-25","atul.2101019cs@iiitbh.ac.in"
"VECHALAPU UDAY KIRAN","2101148EC","2021-25","vechalapu.2101148ec@iiitbh.ac.in"
"ANUJ VERMA","2101059CS","2021-25","anuj.2101059cs@iiitbh.ac.in"
"JAYANT MAURYA","2101238CS","2021-25","jayant.2101238cs@iiitbh.ac.in"
"KAVITA MEENA","2101228CS","2021-25","kavita.2101228cs@iiitbh.ac.in"
"AYUSH KUMAR","2101011CS","2021-25","ayush.2101011cs@iiitbh.ac.in"
"ANUJ KUMAR","2101122CS","2021-25","anuj.2101122cs@iiitbh.ac.in"
"RIYANSH GUPTA","2101167CS","2021-25","riyansh.2101167cs@iiitbh.ac.in"
"SUSHANT KUMAR","2101043CS","2021-25","sushant.2101043cs@iiitbh.ac.in"
"VISHWAJEET KUMAR","2101253CS","2021-25","vishwajeet.2101253cs@iiitbh.ac.in"
"SURYANSH CHATURVEDI","2101120EC","2021-25","suryansh.2101120ec@iiitbh.ac.in"
"ADITYA RAJ","2101121CS","2021-25","aditya.2101121cs@iiitbh.ac.in"
"ANKIT KUMAR","2101079CS","2021-25","ankit.2101079cs@iiitbh.ac.in"
"ANKIT ANAND","2101016CS","2021-25","ankit.2101016cs@iiitbh.ac.in"
"SOURABH","2101049CS","2021-25","sourabh.2101049cs@iiitbh.ac.in"
"ADITYA RATHORE","2101069CS","2021-25","aditya.2101069cs@iiitbh.ac.in"
"ABHAY VERMA","2101196EC","2021-25","abhay.2101196ec@iiitbh.ac.in"
"ABHISHEK VERMA","2101190EC","2021-25","abhishek.2101190ec@iiitbh.ac.in"
"PIYUSH ANAND","2101092ME","2021-25","piyush.2101092me@iiitbh.ac.in"
"RITTIK RAJ","2101199EC","2021-25","rittik.2101199ec@iiitbh.ac.in"
"ADITYA KUMAR MISHRA","2101154EC","2021-25","aditya.2101154ec@iiitbh.ac.in"
"RAJ MEHTA","2101246ME","2021-25","raj.2101246me@iiitbh.ac.in"
"SUMIT YADAV","2101202CS","2021-25","sumit.2101202cs@iiitbh.ac.in"
"TANMAY TRIPATHI","2101102EC","2021-25","tanmay.2101102ec@iiitbh.ac.in"
"HARSH PODDAR","2101147EC","2021-25","harsh.2101147ec@iiitbh.ac.in"
"RAJESH KUMAR","2101074CS","2021-25","rajesh.2101074cs@iiitbh.ac.in"
"SHUBHAM VATS","2101169EC","2021-25","shubham.2101169ec@iiitbh.ac.in"
"SWAPNIL AGRAWAL","2101063EC","2021-25","swapnil.2101063ec@iiitbh.ac.in"
"SHIWANS TRIVEDI","2101005CS","2021-25","shiwans.2101005cs@iiitbh.ac.in"
"SHREY","2101252EC","2021-25","shrey.2101252ec@iiitbh.ac.in"
"ANURAG KUMAR","2101073EC","2021-25","anurag.2101073ec@iiitbh.ac.in"
"SAURABH KUMAR","2101110EC","2021-25","saurabh.2101110ec@iiitbh.ac.in"
"RAMAVATH ADITHYA","2101158EC","2021-25","ramavath.2101158ec@iiitbh.ac.in"
"KARANAM KARTHIK","2101151EC","2021-25","karanam.2101151ec@iiitbh.ac.in"
"ANURAG KUMAR LAL","2101249ME","2021-25","anurag.2101249me@iiitbh.ac.in"
"PANKAJ KUMAR","2101155CS","2021-25","pankaj.2101155cs@iiitbh.ac.in"
"YATA RUPESH","2101095EC","2021-25","yata.2101095ec@iiitbh.ac.in"
"JOSHI VISHAL ISHWARLAL","2101080CS","2021-25","joshi.2101080cs@iiitbh.ac.in"
"SHREYASH KUMAR","2101142EC","2021-25","shreyash.2101142ec@iiitbh.ac.in"
"ARUSH RAGHAV","2101029EC","2021-25","arush.2101029ec@iiitbh.ac.in"
"VISHAL SINGH SHEKHAWAT","2101179CS","2021-25","vishal.2101179cs@iiitbh.ac.in"
"ANIKET P DANDHARE","2101089CS","2021-25","aniket.2101089cs@iiitbh.ac.in"
"SURAJIT SWARGIARY","2101078CS","2021-25","surajit.2101078cs@iiitbh.ac.in"
"AMAN NARAYAN","2101002CS","2021-25","aman.2101002cs@iiitbh.ac.in"
"TANYA BHARTI VIMAL","2101137EC","2021-25","tanya.2101137ec@iiitbh.ac.in"
"ASHUTOSH RAI","2101112EC","2021-25","ashutosh.2101112ec@iiitbh.ac.in"
"HARSH AYRE","2101212EC","2021-25","harsh.2101212ec@iiitbh.ac.in"
"BANTI KUMAR","2101101ME","2021-25","banti.2101101me@iiitbh.ac.in"
"RAJEEV RANJAN","2101054CS","2021-25","rajeev.2101054cs@iiitbh.ac.in"
"ALOK KUMAR","2101231CS","2021-25","alok.2101231cs@iiitbh.ac.in"
"SAURAV RAJ","2101111CS","2021-25","saurav.2101111cs@iiitbh.ac.in"
"VIJAY PANDEY","2101161EC","2021-25","vijay.2101161ec@iiitbh.ac.in"
"SHASHANK RANJAN","2101022EC","2021-25","shashank.2101022ec@iiitbh.ac.in"
"PATEL DENILKUMAR","2101159CS","2021-25","patel.2101159cs@iiitbh.ac.in"
"SATYAM SHRIVASTAVA","2101006CS","2021-25","satyam.2101006cs@iiitbh.ac.in"
"KAUSHAL SATISH SHELKE","2101051CS","2021-25","kaushal.2101051cs@iiitbh.ac.in"
"ANAMIKA RANJAN","2101135CS","2021-25","anamika.2101135cs@iiitbh.ac.in"
"SHREY KOLI","2101062ME","2021-25","shrey.2101062me@iiitbh.ac.in"
"NIKHIL KUMAR PANDEY","2101047EC","2021-25","nikhil.2101047ec@iiitbh.ac.in"
"ANKIT KUMAR","2101243EC","2021-25","ankit.2101243ec@iiitbh.ac.in"
"ANUPAM KUMAR","2101153EC","2021-25","anupam.2101153ec@iiitbh.ac.in"
"CHANDRAKANT","2101130CS","2021-25","chandrakant.2101130cs@iiitbh.ac.in"
"MD USMAN ZAFAR","2101027CS","2021-25","md.2101027cs@iiitbh.ac.in"
"PANCHAM MEHTA","2101003CS","2021-25","pancham.2101003cs@iiitbh.ac.in"
"RUDRESH PATEL","2101060CS","2021-25","rudresh.2101060cs@iiitbh.ac.in"
"LOKESH SANGRAME","2101210CS","2021-25","lokesh.2101210cs@iiitbh.ac.in"
"MD FAIZAN ELAHI","2101200ME","2021-25","md.2101200me@iiitbh.ac.in"
"DIVE AASTHA SURESH","2101173EC","2021-25","aastha.2101173ec@iiitbh.ac.in"
"AZMEERA ROHITH","2101245CS","2021-25","azmeera.2101245cs@iiitbh.ac.in"
"ABHINAV SHARMA","2101157ME","2021-25","abhinav.2101157me@iiitbh.ac.in"
"PRANAY PRASOON","2101085EC","2021-25","pranay.2101085ec@iiitbh.ac.in"
"DHANANJAY GUPTA","2101018CS","2021-25","dhananjay.2101018cs@iiitbh.ac.in"
"SHIVAM JHA","2101070CS","2021-25","shivam.2101070cs@iiitbh.ac.in"
"EKTA JANGIR","2101032CS","2021-25","ekta.2101032cs@iiitbh.ac.in"
"YATIN KUMAR","2101052CS","2021-25","yatin.2101052cs@iiitbh.ac.in"
"HARSH KUMAR","2101220CS","2021-25","harsh.2101220cs@iiitbh.ac.in"
"LAKSHITA GUPTA","2101222EC","2021-25","lakshita.2101222ec@iiitbh.ac.in"
"ADARSH KUMAR","2101001CS","2021-25","adarsh.2101001cs@iiitbh.ac.in"
"LAKAVATH SAI TRINADH","2101118CS","2021-25","lakavath.2101118cs@iiitbh.ac.in"
"AMAN VIRENDRA CHAURASIA","2101139CS","2021-25","aman.2101139cs@iiitbh.ac.in"
"SHAILJA","2101020CS","2021-25","shailja.2101020cs@iiitbh.ac.in"
"PARITOSH CHAURASIA","2101232CS","2021-25","paritosh.2101232cs@iiitbh.ac.in"
"VIVEK RAJ","2101193CS","2021-25","vivek.2101193cs@iiitbh.ac.in"
"NANDINI PANDEY","2101082EC","2021-25","nandini.2101082ec@iiitbh.ac.in"
"VIKAS KUMAR THAKUR","2101113CS","2021-25","vikas.2101113cs@iiitbh.ac.in"
"MEHUL KUMAR","2101044EC","2021-25","mehul.2101044ec@iiitbh.ac.in"
"PAWAN KUMAR","2101180ME","2021-25","pawan.2101180me@iiitbh.ac.in"
"SUJAL MEENA","2101072CS","2021-25","sujal.2101072cs@iiitbh.ac.in"
"ALOK ANAND","2101036CS","2021-25","alok.2101036cs@iiitbh.ac.in"
"PRIYANSHU RAJ","2101065EC","2021-25","priyanshu.2101065ec@iiitbh.ac.in"
"SHIVAM BHAGWAN JHA","2101119CS","2021-25","shivam.2101119cs@iiitbh.ac.in"
"ABHISHEK GOYAL","2101042CS","2021-25","abhishek.2101042cs@iiitbh.ac.in"
"SHUBHAM SHUKLA","2101045CS","2021-25","shubham.2101045cs@iiitbh.ac.in"
"SHUBHAM RAJ","2101223CS","2021-25","shubham.2101223cs@iiitbh.ac.in"
"RITIK RAJ","2101108CS","2021-25","ritik.2101108cs@iiitbh.ac.in"
"AKHILESH KUMAR SINGH","2101248CS","2021-25","akhilesh.2101248cs@iiitbh.ac.in"
"PRAJJWAL VERMA","2101186EC","2021-25","prajjwal.2101186ec@iiitbh.ac.in"
"MANISH KUMAR","2101163EC","2021-25","manish.2101163ec@iiitbh.ac.in"
"PRITAM SHAKYAWAL","2101226EC","2021-25","pritam.2101226ec@iiitbh.ac.in"
"GOVIND KUMAR","2101057EC","2021-25","govind.2101057ec@iiitbh.ac.in"
"ROUNAK SINHA","2101086CS","2021-25","rounak.2101086cs@iiitbh.ac.in"
"MD ZISHAN ALAM","2101013CS","2021-25","md.2101013cs@iiitbh.ac.in"
"SHREYA MISHRA","2101046CS","2021-25","shreya.2101046cs@iiitbh.ac.in"
"DHRUV SRIVASTAVA","2101211CS","2021-25","dhruv.2101211cs@iiitbh.ac.in"
"HARSH SINGH","2101241EC","2021-25","harsh.2101241ec@iiitbh.ac.in"
"CHEEDI . BALA NAVEEN","2101096CS","2021-25","cheedi.2101096cs@iiitbh.ac.in"
"AKANKSHA CHAURASIA","2101093CS","2021-25","akanksha.2101093cs@iiitbh.ac.in"
"AYUSHI SINGH","2101192CS","2021-25","ayushi.2101192cs@iiitbh.ac.in"
"AMAN VERMA","2101233CS","2021-25","aman.2101233cs@iiitbh.ac.in"
"ANUBHAV MISHRA","2101114CS","2021-25","anubhav.2101114cs@iiitbh.ac.in"
"SHIVAM SAHU","2101033CS","2021-25","shivam.2101033cs@iiitbh.ac.in"
"ASHISH RANJAN","2101138ME","2021-25","ashish.2101138me@iiitbh.ac.in"
"CHOUDHARY REYAN KHAN","2101056CS","2021-25","choudhary.2101056cs@iiitbh.ac.in"
"VIPUL BHATT","2101215EC","2021-25","vipul.2101215ec@iiitbh.ac.in"
"SONAM","2101250CS","2021-25","sonam.2101250cs@iiitbh.ac.in"
"CHIRAG KHAITAN","2101175CS","2021-25","chirag.2101175cs@iiitbh.ac.in"
"ABHISHEK GUPTA","2101150EC","2021-25","abhishek.2101150ec@iiitbh.ac.in"
"NILANSH SINGH","2201201ME","2022-26","nilansh.2201201me@iiitbh.ac.in"
"SHRUTI SHAHI","2201022CS","2022-26","shruti.2201022cs@iiitbh.ac.in"
"JYOTISHMOY NARZARY","2201237CS","2022-26","jyotishmoy.2201237cs@iiitbh.ac.in"
"AMIT KUMAR","2201209CS","2022-26","amit.2201209cs@iiitbh.ac.in"
"SATYAM RAJ","2201014CS","2022-26","satyam.2201014cs@iiitbh.ac.in"
"AKASH KUMAR","2201216CS","2022-26","akash.2201216cs@iiitbh.ac.in"
"MENKA KUMARI","2201213CS","2022-26","menka.2201213cs@iiitbh.ac.in"
"MADRID MANDAL","2201204CS","2022-26","madrid.2201204cs@iiitbh.ac.in"
"HIMANSHU KUMAR","2201088CS","2022-26","himanshu.2201088cs@iiitbh.ac.in"
"SHOBHIT SRIVASTAVA","2201140EC","2022-26","shobhit.2201140ec@iiitbh.ac.in"
"ANKIT KUMAR PATEL","2201116CS","2022-26","ankit.2201116cs@iiitbh.ac.in"
"VIVEK KUMAR","2201198ME","2022-26","vivek.2201198me@iiitbh.ac.in"
"MINAL SATANKAR","2201219EC","2022-26","minal.2201219ec@iiitbh.ac.in"
"AKULA VENKATA SAI RAM PRANEETH","2201016CS","2022-26","venkata.2201016cs@iiitbh.ac.in"
"MD AYAN PARWEZ","2201002CS","2022-26","ayan.2201002cs@iiitbh.ac.in"
"SATTWIK BHAKTA","2201060CS","2022-26","sattwik.2201060cs@iiitbh.ac.in"
"PRINCE KUMAR","2201130CS","2022-26","prince.2201130cs@iiitbh.ac.in"
"SURYA PRATAP SINGH","2201254CS","2022-26","surya.2201254cs@iiitbh.ac.in"
"ANKUR DWIVEDI","2201005CS","2022-26","ankur.2201005cs@iiitbh.ac.in"
"PARTH GAUTAM","2201020CS","2022-26","parth.2201020cs@iiitbh.ac.in"
"ISHA","2201195CS","2022-26","isha.2201195cs@iiitbh.ac.in"
"KSHITIJ SINGH","2201211CS","2022-26","kshitij.2201211cs@iiitbh.ac.in"
"NAWAZISH HASSAN","2201031CS","2022-26","nawazish.2201031cs@iiitbh.ac.in"
"AJAY GITALA","2201075CS","2022-26","ajay.2201075cs@iiitbh.ac.in"
"SURAJ KUMAR","2201118CS","2022-26","suraj.2201118cs@iiitbh.ac.in"
"MURAWALA DENISH ALPESHBHAI","2201034CS","2022-26","denish.2201034cs@iiitbh.ac.in"
"ADITYA SINGH","2201093CS","2022-26","aditya.2201093cs@iiitbh.ac.in"
"ASHUTOSH SINGH","2201025CS","2022-26","ashutosh.2201025cs@iiitbh.ac.in"
"ANUBHAV RAJ","2201036CS","2022-26","anubhav.2201036cs@iiitbh.ac.in"
"SHIEKH MAHAMMAD ARZU","2201196ME","2022-26","shiekh.2201196me@iiitbh.ac.in"
"SRIDHAR KUMAR","2201123CS","2022-26","sridhar.2201123cs@iiitbh.ac.in"
"HARSHIT BAHETY","2201148EC","2022-26","harshit.2201148ec@iiitbh.ac.in"
"NITISH KUMAR","2201078CS","2022-26","nitish.2201078cs@iiitbh.ac.in"
"UJJWAL SHAH","2201150EC","2022-26","ujjwal.2201150ec@iiitbh.ac.in"
"MAHENDRA SEERVI","2201039CS","2022-26","mahendra.2201039cs@iiitbh.ac.in"
"ADITYA RAJ","2201107CS","2022-26","aditya.2201107cs@iiitbh.ac.in"
"RAVINDRA THAKUR","2201244CS","2022-26","ravindra.2201244cs@iiitbh.ac.in"
"ARVIND BHUSHAN","2201194ME","2022-26","arvind.2201194me@iiitbh.ac.in"
"HARSHIT GOYAL","2201006CS","2022-26","harshit.2201006cs@iiitbh.ac.in"
"SAURABH KOTHAVADE","2201174EC","2022-26","saurabh.2201174ec@iiitbh.ac.in"
"ARYAN MALIK","2201049CS","2022-26","aryan.2201049cs@iiitbh.ac.in"
"SAKSHI MEENA","2201251ME","2022-26","sakshi.2201251me@iiitbh.ac.in"
"KAUSHLENDRA SINGH GHOSH","2201105CS","2022-26","kaushlendra.2201105cs@iiitbh.ac.in"
"VIKAS KUMAR","2201223ME","2022-26","vikas.2201223me@iiitbh.ac.in"
"HIMANSHU PANCHAL","2201089CS","2022-26","himanshu.2201089cs@iiitbh.ac.in"
"DIVYAM DIVESH","2201042CS","2022-26","divyam.2201042cs@iiitbh.ac.in"
"ASHISH RANJAN","2201128CS","2022-26","ashish.2201128cs@iiitbh.ac.in"
"ABHISHEK KUSHMESH","2201225CS","2022-26","abhishek.2201225cs@iiitbh.ac.in"
"KISALAY SRIVASTAV","2201143EC","2022-26","kisalay.2201143ec@iiitbh.ac.in"
"AKASH KUMAR","2201181ME","2022-26","akash.2201181me@iiitbh.ac.in"
"RAKTIMAVA BHATTACHARYYA","2201110EC","2022-26","raktimava.2201110ec@iiitbh.ac.in"
"SHARVIL VINAY LADE","2201228EC","2022-26","sharvil.2201228ec@iiitbh.ac.in"
"YASH KUMAR KESARWANI","2201004CS","2022-26","yash.2201004cs@iiitbh.ac.in"
"NITIN VERMA","2201103CS","2022-26","nitin.2201103cs@iiitbh.ac.in"
"RANJEET KUMAR","2201189ME","2022-26","ranjeet.2201189me@iiitbh.ac.in"
"ANURAG MOHANTY","2201043CS","2022-26","anurag.2201043cs@iiitbh.ac.in"
"RAJ NANDANI JAISWAL","2201172CS","2022-26","raj.2201172cs@iiitbh.ac.in"
"DHRUV MISHRA","2201066ME","2022-26","dhruv.2201066me@iiitbh.ac.in"
"SHAHID","2201102CS","2022-26","shahid.2201102cs@iiitbh.ac.in"
"SIDDHARTH KUMAR GAUTAM","2201234EC","2022-26","siddharth.2201234ec@iiitbh.ac.in"
"GARV TYAGI","2201003CS","2022-26","garv.2201003cs@iiitbh.ac.in"
"KARAN SUNDARIYA","2201132CS","2022-26","karan.2201132cs@iiitbh.ac.in"
"AMAN KUMAR BIND","2201086CS","2022-26","aman.2201086cs@iiitbh.ac.in"
"SUNNY RAJ","2201108CS","2022-26","sunny.2201108cs@iiitbh.ac.in"
"SUPRATIK DATTA","2201057CS","2022-26","supratik.2201057cs@iiitbh.ac.in"
"VARSHIT BADERA","2201091CS","2022-26","varshit.2201091cs@iiitbh.ac.in"
"BHARAT","2201045CS","2022-26","bharat.2201045cs@iiitbh.ac.in"
"ROHIT KUMAR","2201074CS","2022-26","rohit.2201074cs@iiitbh.ac.in"
"DEEPAK KUMAR PATEL","2201109CS","2022-26","deepak.2201109cs@iiitbh.ac.in"
"SAFAL KUMAR GUPTA","2201106CS","2022-26","safal.2201106cs@iiitbh.ac.in"
"ABHINAV GUPTA","2201146EC","2022-26","abhinav.2201146ec@iiitbh.ac.in"
"VEDANT YADAV","2201133CS","2022-26","vedant.2201133cs@iiitbh.ac.in"
"ANURAG","2201191ME","2022-26","anurag.2201191me@iiitbh.ac.in"
"SHAIKH ABDULLAH","2201027CS","2022-26","shaikh.2201027cs@iiitbh.ac.in"
"ADITYA KUMAR SINGH","2201139EC","2022-26","aditya.2201139ec@iiitbh.ac.in"
"RISHU KUMAR","2201180EC","2022-26","rishu.2201180ec@iiitbh.ac.in"
"DIVYANSHU MISHRA","2201182ME","2022-26","divyanshu.2201182me@iiitbh.ac.in"
"CHIRAG SHARMA","2201017CS","2022-26","chirag.2201017cs@iiitbh.ac.in"
"RIYAZ SIDDIQUI","2201165ME","2022-26","riyaz.2201165me@iiitbh.ac.in"
"AYUSH ARYA","2201018CS","2022-26","ayush.2201018cs@iiitbh.ac.in"
"UTKARSH GOYAL","2201076EC","2022-26","utkarsh.2201076ec@iiitbh.ac.in"
"ANUKRITI RAJ VINDHYACHAL","2201160CS","2022-26","anukriti.2201160cs@iiitbh.ac.in"
"PRIYANSHU PARITOSH","2201192ME","2022-26","priyanshu.2201192me@iiitbh.ac.in"
"UPADHYAY SHASHANK AVASHESH","2201081EC","2022-26","shashank.2201081ec@iiitbh.ac.in"
"VAIBHAV JAISWAL","2201200ME","2022-26","vaibhav.2201200me@iiitbh.ac.in"
"SIMANTA MUKHOPADHYAY","2201077EC","2022-26","simanta.2201077ec@iiitbh.ac.in"
"ATUL ANAND","2201035CS","2022-26","atul.2201035cs@iiitbh.ac.in"
"RAVI SHANKAR","2201252CS","2022-26","ravi.2201252cs@iiitbh.ac.in"
"ANISH RANJAN","2201138EC","2022-26","anish.2201138ec@iiitbh.ac.in"
"SHASHIKANT PANDEY","2201152ME","2022-26","shashikant.2201152me@iiitbh.ac.in"
"SOMESH MISHRA","2201019CS","2022-26","somesh.2201019cs@iiitbh.ac.in"
"SHRADDHA SAHU","2201134CS","2022-26","shraddha.2201134cs@iiitbh.ac.in"
"SAHIL SONI","2201157EC","2022-26","sahil.2201157ec@iiitbh.ac.in"
"VIJAY R BANNIKOPPA","2201250EC","2022-26","vijay.2201250ec@iiitbh.ac.in"
"DHEERAJ CHAUDHARY","2201071CS","2022-26","dheeraj.2201071cs@iiitbh.ac.in"
"MANVENDRA SINGH CHAUHAN","2201054CS","2022-26","manvendra.2201054cs@iiitbh.ac.in"
"ARUN BAGHEL","2201084CS","2022-26","arun.2201084cs@iiitbh.ac.in"
"KUMAR SUNDRAM","2201024CS","2022-26","kumar.2201024cs@iiitbh.ac.in"
"KARAN","2201145EC","2022-26","karan.2201145ec@iiitbh.ac.in"
"ADITYA KUMAR","2201001CS","2022-26","aditya.2201001cs@iiitbh.ac.in"
"ABHISHEK SINGH","2201151EC","2022-26","abhishek.2201151ec@iiitbh.ac.in"
"SOMYA GANGWAR","2201197EC","2022-26","somya.2201197ec@iiitbh.ac.in"
"MOHD FAHAD KHAN","2201178EC","2022-26","fahad.2201178ec@iiitbh.ac.in"
"ANKIT YADAV","2201033CS","2022-26","ankit.2201033cs@iiitbh.ac.in"
"DEBOSHRUTI MUKHOPADHYAY","2201052CS","2022-26","deboshruti.2201052cs@iiitbh.ac.in"
"VIKASH GAHLAWAT","2201253EC","2022-26","vikash.2201253ec@iiitbh.ac.in"
"AGNIJEET SHARMA","2201113EC","2022-26","agnijeet.2201113ec@iiitbh.ac.in"
"ENAGANDULA KARTHIK","2201058CS","2022-26","enagandula.2201058cs@iiitbh.ac.in"
"ANURAG KUMAR","2201050CS","2022-26","anurag.2201050cs@iiitbh.ac.in"
"SHREYASH SINHA","2201080CS","2022-26","shreyash.2201080cs@iiitbh.ac.in"
"AKASH NARWARIYA","2201229EC","2022-26","akash.2201229ec@iiitbh.ac.in"
"AMRIT KUMAR GIRI","2201079EC","2022-26","amrit.2201079ec@iiitbh.ac.in"
"HIMANSHU KUMAR","2201056CS","2022-26","himanshu.2201056cs@iiitbh.ac.in"
"AMAN BHAGAT","2201158EC","2022-26","aman.2201158ec@iiitbh.ac.in"
"ARU GUPTA","2201046CS","2022-26","aru.2201046cs@iiitbh.ac.in"
"KRATI BHARDWAJ","2201073CS","2022-26","krati.2201073cs@iiitbh.ac.in"
"SHIWANGI","2201037EC","2022-26","shiwangi.2201037ec@iiitbh.ac.in"
"ROSHAN SINGH","2201008CS","2022-26","roshan.2201008cs@iiitbh.ac.in"
"ABHAY TOMAR","2201121CS","2022-26","abhay.2201121cs@iiitbh.ac.in"
"PARAS RAJAIN","2201048CS","2022-26","paras.2201048cs@iiitbh.ac.in"
"RAHUL KUMAR","2201163EC","2022-26","rahul.2201163ec@iiitbh.ac.in"
"DEEPAK NISHAD","2201114CS","2022-26","deepak.2201114cs@iiitbh.ac.in"
"SAURABH VISHWAKARMA","2201173EC","2022-26","saurabh.2201173ec@iiitbh.ac.in"
"ANKUR SHARMA","2201104CS","2022-26","ankur.2201104cs@iiitbh.ac.in"
"SURAJ SATENDRA PANDIT","2201082CS","2022-26","suraj.2201082cs@iiitbh.ac.in"
"THOTA SATYA KRISHNA KAUSHIK","2201111EC","2022-26","thota.2201111ec@iiitbh.ac.in"
"SUDHANSHU PANDEY","2201038CS","2022-26","sudhanshu.2201038cs@iiitbh.ac.in"
"ANURAG SINGH","2201144EC","2022-26","anurag.2201144ec@iiitbh.ac.in"
"VAIBHAV SHARMA","2201190ME","2022-26","vaibhav.2201190me@iiitbh.ac.in"
"SHUBHAM KUMAR","2201203ME","2022-26","shubham.2201203me@iiitbh.ac.in"
"HIMANSHU KUMAWAT","2201131CS","2022-26","himanshu.2201131cs@iiitbh.ac.in"
"RITESH PANDEY","2201141EC","2022-26","ritesh.2201141ec@iiitbh.ac.in"
"AYUSH GEDAM","2201226EC","2022-26","ayush.2201226ec@iiitbh.ac.in"
"SAHIL SAROJ","2201205CS","2022-26","sahil.2201205cs@iiitbh.ac.in"
"YESHUA SINGH","2201235ME","2022-26","yeshua.2201235me@iiitbh.ac.in"
"RITIK","2201214CS","2022-26","ritik.2201214cs@iiitbh.ac.in"
"GHUGE SAHIL SANJAY","2201175EC","2022-26","sahil.2201175ec@iiitbh.ac.in"
"VICKY KUMAR","2201101CS","2022-26","vicky.2201101cs@iiitbh.ac.in"
"SOURAKANTI MANDAL","2201185ME","2022-26","sourakanti.2201185me@iiitbh.ac.in"
"ARBAB ARSHAD","2201156EC","2022-26","arbab.2201156ec@iiitbh.ac.in"
"PARTHIV PANJA","2201220CS","2022-26","parthiv.2201220cs@iiitbh.ac.in"
"DEVANSH GUPTA","2201083CS","2022-26","devansh.2201083cs@iiitbh.ac.in"
"SUYASH RANJAN","2201227EC","2022-26","suyash.2201227ec@iiitbh.ac.in"
"DIVYANSH YADAV","2201127EC","2022-26","divyansh.2201127ec@iiitbh.ac.in"
"RISHAV KUMAR","2201169EC","2022-26","rishav.2201169ec@iiitbh.ac.in"
"JAGPREET SINGH KHURANA","2201096EC","2022-26","jagpreet.2201096ec@iiitbh.ac.in"
"AMAN CHAUDHARY","2201094CS","2022-26","aman.2201094cs@iiitbh.ac.in"
"NAVEEN BHARTI","2201212CS","2022-26","naveen.2201212cs@iiitbh.ac.in"
"LAVKUSH GAUTAM","2201231EC","2022-26","lavkush.2201231ec@iiitbh.ac.in"
"APOORVA SINGH","2201238ME","2022-26","apoorva.2201238me@iiitbh.ac.in"
"NIRAJ KUMAR","2201177EC","2022-26","niraj.2201177ec@iiitbh.ac.in"
"IMAM HASSNAIN KHAN","2201026CS","2022-26","imam.2201026cs@iiitbh.ac.in"
"ROSHAN","2201021CS","2022-26","roshan.2201021cs@iiitbh.ac.in"
"RITIK KUMAR SEN","2201051CS","2022-26","ritik.2201051cs@iiitbh.ac.in"
"ADARSH RAI","2201115CS","2022-26","adarsh.2201115cs@iiitbh.ac.in"
"HARSHA JAIN","2201137EC","2022-26","harsha.2201137ec@iiitbh.ac.in"
"BIMLESH KUMAR","2201125CS","2022-26","bimlesh.2201125cs@iiitbh.ac.in"
"SHIVSHANKAR KUMAR","2201193ME","2022-26","shivshankar.2201193me@iiitbh.ac.in"
"ARYAN JAISWAL","2201168EC","2022-26","aryan.2201168ec@iiitbh.ac.in"
"DHEERAJ KUMAR","2201059CS","2022-26","dheeraj.2201059cs@iiitbh.ac.in"
"ARPIT RAI","2201029CS","2022-26","arpit.2201029cs@iiitbh.ac.in"
"SOHAM RAJ CHOPRA","2201047CS","2022-26","soham.2201047cs@iiitbh.ac.in"
"ABHIJEET AWASTHI","2201164EC","2022-26","abhijeet.2201164ec@iiitbh.ac.in"
"SOUVIK MAITY","2201159EC","2022-26","souvik.2201159ec@iiitbh.ac.in"
"VIPUL SHARMA","2201162EC","2022-26","vipul.2201162ec@iiitbh.ac.in"
"SHAFIQ AHMED","2201069CS","2022-26","shafiq.2201069cs@iiitbh.ac.in"
"AYUSH GUPTA","2201010CS","2022-26","ayush.2201010cs@iiitbh.ac.in"
"SAHIL GANGWAR","2201097CS","2022-26","sahil.2201097cs@iiitbh.ac.in"
"KUNAL KUMAR SHARMA","2201243CS","2022-26","kunal.2201243cs@iiitbh.ac.in"
"LAVUDYA SAI KIRAN","2201239CS","2022-26","sai.2201239cs@iiitbh.ac.in"
"SUJEET KUMAR SUMAN","2201065CS","2022-26","sujeet.2201065cs@iiitbh.ac.in"
"ADARSH KUMAR PAL","2201183EC","2022-26","adarsh.2201183ec@iiitbh.ac.in"
"DEV GUPTA","2201090CS","2022-26","dev.2201090cs@iiitbh.ac.in"
"MD SAQUIB ANJUM KHAN","2201015CS","2022-26","saquib.2201015cs@iiitbh.ac.in"
"TUSHAR SINHA","2201012CS","2022-26","tushar.2201012cs@iiitbh.ac.in"
"RITESH RAJ TIWARI","2201087CS","2022-26","ritesh.2201087cs@iiitbh.ac.in"
"SANSKAR ANAND","2201215CS","2022-26","sanskar.2201215cs@iiitbh.ac.in"
"AVIRAL BAGJANI","2201166EC","2022-26","aviral.2201166ec@iiitbh.ac.in"
"KUMAR ANKIT","2201092CS","2022-26","kumar.2201092cs@iiitbh.ac.in"
"SHUBHANKAR PANDIT","2201009CS","2022-26","shubhankar.2201009cs@iiitbh.ac.in"
"VANSH MISHRA","2201041CS","2022-26","vansh.2201041cs@iiitbh.ac.in"
"TAMARAKANDI HIMANSHU","2201206CS","2022-26","tamarakandi.2201206cs@iiitbh.ac.in"
"LOKESH CHORARIA","2201013CS","2022-26","lokesh.2201013cs@iiitbh.ac.in"
"SHIVAM THAKRE","2201179EC","2022-26","shivam.2201179ec@iiitbh.ac.in"
"ABHAY PRATAP SINGH","2201161EC","2022-26","abhay.2201161ec@iiitbh.ac.in"
"ANWESH KUMAR MISHRA","2201068CS","2022-26","anwesh.2201068cs@iiitbh.ac.in"
"PRAYAS YADAV","2201149EC","2022-26","prayas.2201149ec@iiitbh.ac.in"
"PUSHPENDRA SINGH","2201099CS","2022-26","pushpendra.2201099cs@iiitbh.ac.in"
"PRATISHTHA PRAGYA","2201171CS","2022-26","pratishtha.2201171cs@iiitbh.ac.in"
"SONU KUMAR GUPTA","2201028CS","2022-26","sonu.2201028cs@iiitbh.ac.in"
"VANKUNAVATH UDAY KUMAR","2201245CS","2022-26","uday.2201245cs@iiitbh.ac.in"
"PINAK HALDER","2201210CS","2022-26","pinak.2201210cs@iiitbh.ac.in"
"ASHWIN RAI","2201098CS","2022-26","ashwin.2201098cs@iiitbh.ac.in"
"ASHUTOSH KUMAR CHATURVEDI","2201032CS","2022-26","ashutosh.2201032cs@iiitbh.ac.in"
"RAWAT HARSH","2201117CS","2022-26","rawat.2201117cs@iiitbh.ac.in"
"DHARAVATH JAGJEEVAN","2201247CS","2022-26","dharavath.2201247cs@iiitbh.ac.in"
"ABHINAV KUMAR","2201129EC","2022-26","abhinav.2201129ec@iiitbh.ac.in"
"SUMIT KUMAR","2201176EC","2022-26","sumit.2201176ec@iiitbh.ac.in"
"ANURAG PIPRIYA","2201230EC","2022-26","anurag.2201230ec@iiitbh.ac.in"
"RAJAT CHAUDHARY","2201147EC","2022-26","rajat.2201147ec@iiitbh.ac.in"
"SHIVAM SINGH","2201184EC","2022-26","shivam.2201184ec@iiitbh.ac.in"
"SAHIL MORWAL","2201085CS","2022-26","sahil.2201085cs@iiitbh.ac.in"
"PRANJALI RATHI","2201119EC","2022-26","pranjali.2201119ec@iiitbh.ac.in"
"PRIYANSHU","2201124CS","2022-26","priyanshu.2201124cs@iiitbh.ac.in"
"MAHENDRA KAPOOR KOL","2201242CS","2022-26","mahendra.2201242cs@iiitbh.ac.in"
"CHANDAN KUMAR","2201217CS","2022-26","chandan.2201217cs@iiitbh.ac.in"
"ADARSH KUMAR SINGH","2201218CS","2022-26","adarsh.2201218cs@iiitbh.ac.in"
"AYUSH MISHRA","2201142EC","2022-26","ayush.2201142ec@iiitbh.ac.in"
"ANANT SAINI","2201112EC","2022-26","anant.2201112ec@iiitbh.ac.in"
"HARSH AGRAWAL","2201167EC","2022-26","harsh.2201167ec@iiitbh.ac.in"
"SATYAM KUMAR SAHANI","2201126CS","2022-26","satyam.2201126cs@iiitbh.ac.in"
"ANIL MEENA","2201240CS","2022-26","anil.2201240cs@iiitbh.ac.in"
"NARPAT PANWAR","2201233EC","2022-26","narpat.2201233ec@iiitbh.ac.in"
"PRINCE SHARMA","2201053CS","2022-26","prince.2201053cs@iiitbh.ac.in"
"ASHUTOSH MISHRA","2201062CS","2022-26","ashutosh.2201062cs@iiitbh.ac.in"
"RAMAVATH HARSHINI","2201241CS","2022-26","ramavath.2201241cs@iiitbh.ac.in"
"VIKASH KUMAR","2201100CS","2022-26","vikash.2201100cs@iiitbh.ac.in"
"ARYAN CHOUKSEY","2201135CS","2022-26","aryan.2201135cs@iiitbh.ac.in"
"SARTHAK SINGH","2201136EC","2022-26","sarthak.2201136ec@iiitbh.ac.in"
"PRAKHAR AGRAWAL","2201154ME","2022-26","prakhar.2201154me@iiitbh.ac.in"
"BIRAJ SANGHAI","2201011CS","2022-26","biraj.2201011cs@iiitbh.ac.in"
"VIVEK GAUTAM","2201208CS","2022-26","vivek.2201208cs@iiitbh.ac.in"
"AYUSH","2201188ME","2022-26","ayush.2201188me@iiitbh.ac.in"
"VADITHYA INDUMATHI","2201246CS","2022-26","vadithya.2201246cs@iiitbh.ac.in"
"MOHIT VIKAL","2201030CS","2022-26","mohit.2201030cs@iiitbh.ac.in"
"ANMOL KUMAR OJHA","2201153EC","2022-26","anmol.2201153ec@iiitbh.ac.in"
"MAYANK SAINI","2201095CS","2022-26","mayank.2201095cs@iiitbh.ac.in"
"ANURAG KUMAR","2201187ME","2022-26","anurag.2201187me@iiitbh.ac.in"
"NILESH KUMAR","2201064CS","2022-26","nilesh.2201064cs@iiitbh.ac.in"
"TANISHA SINGH","2201067CS","2022-26","tanisha.2201067cs@iiitbh.ac.in"
"SIDDHARTH NAMA","2201070CS","2022-26","siddharth.2201070cs@iiitbh.ac.in"
"NIDHI SATYAPRIYA","2201186CS","2022-26","nidhi.2201186cs@iiitbh.ac.in"
"JAISWAR AKASH MUNNA","2201221CS","2022-26","akash.2201221cs@iiitbh.ac.in"
"AKANSHA KUMARI","2201155ME","2022-26","akansha.2201155me@iiitbh.ac.in"
"BIKRAM KUMAR SINGH","2201120CS","2022-26","bikram.2201120cs@iiitbh.ac.in"
"NALUPOTHULA MUTHU ASHESH VARDHAN","2201248EC","2022-26","muthu.2201248ec@iiitbh.ac.in"
"AARSHA JAMBHULKAR","2201232CS","2022-26","aarsha.2201232cs@iiitbh.ac.in"
"SHIVAM JOSHI","2201044CS","2022-26","shivam.2201044cs@iiitbh.ac.in"
"AASTHA GOYAL","2201007CS","2022-26","aastha.2201007cs@iiitbh.ac.in"
"JAI MISHRA","2201040CS","2022-26","jai.2201040cs@iiitbh.ac.in"
"SHAURYA","2201207CS","2022-26","shaurya.2201207cs@iiitbh.ac.in"
"MUKULRAJ","2201222CS","2022-26","mukulraj.2201222cs@iiitbh.ac.in"
"AMAN TRIPATHI","2201023CS","2022-26","aman.2201023cs@iiitbh.ac.in"
"ANUBHAV VIJAYVARGEEYA","2201072CS","2022-26","anubhav.2201072cs@iiitbh.ac.in"
"RIDHIM JAIN","2201122EC","2022-26","ridhim.2201122ec@iiitbh.ac.in"
"SUBHAM MAHATO","2201061CS","2022-26","subham.2201061cs@iiitbh.ac.in"
"ASHUTOSH SHARMA","2201063CS","2022-26","ashutosh.2201063cs@iiitbh.ac.in"
"AYUSH KUMAR SINGH","2201055CS","2022-26","ayush.2201055cs@iiitbh.ac.in"
"AAKASH MEENA","2201236CS","2022-26","aakash.2201236cs@iiitbh.ac.in"
"UTTAKARSH","2201224CS","2022-26","uttakarsh.2201224cs@iiitbh.ac.in"
"TANISHQ PUNDIR","230102072","2023-27","tanishq2.230102072@iiitbh.ac.in"
"AYUSH KUMAR GAUTAM","230101041","2023-27","ayush3.230101041@iiitbh.ac.in"
"UTKARSH KUMAR","230101147","2023-27","utkarsh2.230101147@iiitbh.ac.in"
"PARTH TIWARI","230101085","2023-27","parth.230101085@iiitbh.ac.in"
"ADITYA VAIBHAV","230102008","2023-27","aditya8.230102008@iiitbh.ac.in"
"NEERAJ YADAV","230101077","2023-27","neeraj.230101077@iiitbh.ac.in"
"OMJI KESHARWANI","230102040","2023-27","omji.230102040@iiitbh.ac.in"
"ARNAV RATH","230102017","2023-27","arnav2.230102017@iiitbh.ac.in"
"ABHINAV SINGH","230102002","2023-27","abhinav2.230102002@iiitbh.ac.in"
"AYUSH KUMAR SHIVAM","230101042","2023-27","ayush4.230101042@iiitbh.ac.in"
"RISHABH KUMAR","230101104","2023-27","rishabh2.230101104@iiitbh.ac.in"
"YASH BANSAL","230103046","2023-27","yash4.230103046@iiitbh.ac.in"
"SHIROLE ADITYA AVINASH","230104018","2023-27","aditya10.230104018@iiitbh.ac.in"
"ANSHUMAN GUPTA","230101032","2023-27","anshuman.230101032@iiitbh.ac.in"
"HARSH SINGH","230101057","2023-27","harsh3.230101057@iiitbh.ac.in"
"NISHCHAY GUPTA","230101082","2023-27","nishchay.230101082@iiitbh.ac.in"
"ROHIT SANKHALA","230103035","2023-27","rohit3.230103035@iiitbh.ac.in"
"SHIVAM RAO","230101124","2023-27","shivam5.230101124@iiitbh.ac.in"
"SARWPATI KUMAR","230104017","2023-27","sarwpati.230104017@iiitbh.ac.in"
"ADARSH SRIVASTAVA","230101006","2023-27","adarsh1.230101006@iiitbh.ac.in"
"HARSH THAKUR","230101058","2023-27","harsh4.230101058@iiitbh.ac.in"
"SHIVAM KUMAR","230101121","2023-27","shivam2.230101121@iiitbh.ac.in"
"GUTTA SRIJA","230101138","2023-27","srija.230101138@iiitbh.ac.in"
"SHIVANSH TIWARI","230102061","2023-27","shivansh.230102061@iiitbh.ac.in"
"SHIVENDRU PAUL","230102062","2023-27","shivendru.230102062@iiitbh.ac.in"
"DEBASISH DAS","230102021","2023-27","debasish.230102021@iiitbh.ac.in"
"UTKARSH RAJ","230101148","2023-27","utkarsh3.230101148@iiitbh.ac.in"
"SATYARTH SHANKAR","230102057","2023-27","satyarth.230102057@iiitbh.ac.in"
"DHEERAJ YADAV","230101050","2023-27","dheeraj1.230101050@iiitbh.ac.in"
"EEDIGA SAI KRISHNA","230101108","2023-27","sai1.230101108@iiitbh.ac.in"
"AKHILESH SINGH","230101014","2023-27","akhilesh1.230101014@iiitbh.ac.in"
"RAVULA HARSHITH","230104008","2023-27","harshith.230104008@iiitbh.ac.in"
"SIDDHARTHA ARYA","230101134","2023-27","siddhartha.230101134@iiitbh.ac.in"
"SAMRIDDHI TRIPATHI","230101109","2023-27","samriddhi.230101109@iiitbh.ac.in"
"AMIT USARA","230101023","2023-27","amit3.230101023@iiitbh.ac.in"
"POOJA SINGH","230101086","2023-27","pooja.230101086@iiitbh.ac.in"
"SHUBHAM KUMAR GUPTA","230102066","2023-27","shubham5.230102066@iiitbh.ac.in"
"ABHISHEK KUMAR","230102004","2023-27","abhishek5.230102004@iiitbh.ac.in"
"SANDIP KUMAR RAY","230102054","2023-27","sandip.230102054@iiitbh.ac.in"
"AKASH SHARMA","230101013","2023-27","akash.230101013@iiitbh.ac.in"
"OSANK VERMA","230102041","2023-27","osank.230102041@iiitbh.ac.in"
"ABISHEK E","230103002","2023-27","abishek7.230103002@iiitbh.ac.in"
"PRATIK ROY","230101092","2023-27","pratik.230101092@iiitbh.ac.in"
"TANISHQ JAIN","230102071","2023-27","tanishq1.230102071@iiitbh.ac.in"
"SAMARTH SINGH CHAUHAN","230103037","2023-27","samarth.230103037@iiitbh.ac.in"
"DEVESH","230101049","2023-27","devesh.230101049@iiitbh.ac.in"
"OSITA BHARTI","230103026","2023-27","osita.230103026@iiitbh.ac.in"
"DULLA SRIRAM REDDY","230101139","2023-27","sriram.230101139@iiitbh.ac.in"
"SONU KUMAR","230101136","2023-27","sonu1.230101136@iiitbh.ac.in"
"HARSHIT SHARMA","230102033","2023-27","harshit1.230102033@iiitbh.ac.in"
"AYUSH KUMAR","230101039","2023-27","ayush1.230101039@iiitbh.ac.in"
"AYUSH KUMAR SINGH","230101043","2023-27","ayush5.230101043@iiitbh.ac.in"
"ABHISHEK KUMAR","230104001","2023-27","abhishek6.230104001@iiitbh.ac.in"
"MANISH KUMAR SHARMA","230103021","2023-27","manish2.230103021@iiitbh.ac.in"
"SHASHANK SHEKHAR","230101118","2023-27","shashank1.230101118@iiitbh.ac.in"
"ADARSH GUPTA","230103003","2023-27","adarsh.230103003@iiitbh.ac.in"
"RAJ KESHARWANI","230101097","2023-27","raj.230101097@iiitbh.ac.in"
"PRAMIDI VENKATA SUBRAHMANYA SIVA SATHWICK","230101149","2023-27","venkata.230101149@iiitbh.ac.in"
"PINTOO MEENA","230102043","2023-27","pintoo.230102043@iiitbh.ac.in"
"NIVED KUMAR","230103025","2023-27","nived.230103025@iiitbh.ac.in"
"GAUTAM KUMAR","230101054","2023-27","gautam.230101054@iiitbh.ac.in"
"YASH RAGHUVANSHI","230101154","2023-27","yash1.230101154@iiitbh.ac.in"
"SOMIL GUPTA","230101135","2023-27","somil.230101135@iiitbh.ac.in"
"GAURAV KUMAR SAHA","230101053","2023-27","gaurav1.230101053@iiitbh.ac.in"
"PRINCE TIWARI","230101095","2023-27","prince2.230101095@iiitbh.ac.in"
"SATYAM SINGH","230101113","2023-27","satyam2.230101113@iiitbh.ac.in"
"AASTIK DAS","230101001","2023-27","aastik.230101001@iiitbh.ac.in"
"JYOTI SAXENA","230101064","2023-27","jyoti.230101064@iiitbh.ac.in"
"GOVARDHAN MARKAM","230102030","2023-27","govardhan.230102030@iiitbh.ac.in"
"KESHAV KUMAR JHA","230101067","2023-27","keshav.230101067@iiitbh.ac.in"
"AKSHAT SINGH","230101015","2023-27","akshat.230101015@iiitbh.ac.in"
"ANKIT SHARMA","230104002","2023-27","ankit3.230104002@iiitbh.ac.in"
"ALOK MISHRA","230101016","2023-27","alok.230101016@iiitbh.ac.in"
"DHEERAJ KUMAR","230102025","2023-27","dheeraj3.230102025@iiitbh.ac.in"
"AMAN KUMAR GUPTA","230101020","2023-27","aman3.230101020@iiitbh.ac.in"
"MOHD FAIZAN KHAN","230101052","2023-27","faizan.230101052@iiitbh.ac.in"
"SANYAM JAIN","230101111","2023-27","sanyam.230101111@iiitbh.ac.in"
"SHIVAM KUMAR","230101122","2023-27","shivam3.230101122@iiitbh.ac.in"
"ADITYA AGRAWAL","230101007","2023-27","aditya1.230101007@iiitbh.ac.in"
"NIKHIL VIJAYKUMAR GUPTA","230101080","2023-27","nikhil2.230101080@iiitbh.ac.in"
"ANAMIKA YADAV","230101025","2023-27","anamika1.230101025@iiitbh.ac.in"
"NIKHIL RAJ","230101079","2023-27","nikhil1.230101079@iiitbh.ac.in"
"SURYA PRAKASH KAHAR","230101143","2023-27","surya.230101143@iiitbh.ac.in"
"PRINCE JAMES NAGAR","230101094","2023-27","prince1.230101094@iiitbh.ac.in"
"PRAJWAL G","230101088","2023-27","prajwal.230101088@iiitbh.ac.in"
"ATUL SINGH TOMAR","230101037","2023-27","atul.230101037@iiitbh.ac.in"
"RITIK GUPTA","230101105","2023-27","ritik1.230101105@iiitbh.ac.in"
"MAYANK ARUN PAL","230101073","2023-27","mayank1.230101073@iiitbh.ac.in"
"ADITYA KUSHWAHA","230101011","2023-27","aditya5.230101011@iiitbh.ac.in"
"RAHUL KUMAR","230101096","2023-27","rahul.230101096@iiitbh.ac.in"
"PRASHANT RAMAN","230101091","2023-27","prashant.230101091@iiitbh.ac.in"
"MOHAMMAD AMAAN HYDER","230101017","2023-27","amaan.230101017@iiitbh.ac.in"
"KARAN KUMAR","230102036","2023-27","karan.230102036@iiitbh.ac.in"
"PARAM PREET SINGH","230102042","2023-27","param.230102042@iiitbh.ac.in"
"KAJAL","230101066","2023-27","kajal.230101066@iiitbh.ac.in"
"ARPIT PATHAK","230101035","2023-27","arpit.230101035@iiitbh.ac.in"
"VIVEK SONI","230101153","2023-27","vivek1.230101153@iiitbh.ac.in"
"NITIN GUPTA","230101083","2023-27","nitin1.230101083@iiitbh.ac.in"
"JYOTISH AARYAN","230103019","2023-27","jyotish.230103019@iiitbh.ac.in"
"HIMANSHU TIWARI","230101059","2023-27","himanshu.230101059@iiitbh.ac.in"
"BAIBHAV PRATAP SINGH","230101045","2023-27","baibhav.230101045@iiitbh.ac.in"
"SHASHANK TIWARI","230103039","2023-27","shashank3.230103039@iiitbh.ac.in"
"DEVANSHU SINGH","230103012","2023-27","devanshu.230103012@iiitbh.ac.in"
"YASHWANT KUMAR","230103047","2023-27","yashwant.230103047@iiitbh.ac.in"
"AMAN KUMAR","230101019","2023-27","aman2.230101019@iiitbh.ac.in"
"HARSHIT KASAUNDHAN","230103017","2023-27","harshit2.230103017@iiitbh.ac.in"
"SHIVA SETH","230103040","2023-27","shiva2.230103040@iiitbh.ac.in"
"ABHISHEK KUMAR","230101003","2023-27","abhishek1.230101003@iiitbh.ac.in"
"SIDDHARTH SHUKLA","230101133","2023-27","siddharth.230101133@iiitbh.ac.in"
"SANKALP KUMAR SINHA","230101110","2023-27","sankalp.230101110@iiitbh.ac.in"
"MEGHRAM MEENA","230101074","2023-27","meghram.230101074@iiitbh.ac.in"
"ABHISHEK SHAKYA","230101004","2023-27","abhishek2.230101004@iiitbh.ac.in"
"JYOTIRADITYA SINGH","230101065","2023-27","jyotiraditya.230101065@iiitbh.ac.in"
"GUNJAN KALITA","230102031","2023-27","gunjan.230102031@iiitbh.ac.in"
"SHREYANSHI SRIVASTAVA","230101129","2023-27","shreyanshi.230101129@iiitbh.ac.in"
"SARBAJIT KUNDU","230103038","2023-27","sarbajit.230103038@iiitbh.ac.in"
"ADITYA KUMAR","230101010","2023-27","aditya4.230101010@iiitbh.ac.in"
"ROUSHAN KUMAR","230101106","2023-27","roushan.230101106@iiitbh.ac.in"
"AMIT KUMAR BIND","230101022","2023-27","amit2.230101022@iiitbh.ac.in"
"ADITYA JOSHI","230102006","2023-27","aditya6.230102006@iiitbh.ac.in"
"ABHINAV SHUKLA","230101002","2023-27","abhinav1.230101002@iiitbh.ac.in"
"SHAURYA SHAKYA","230101119","2023-27","shaurya.230101119@iiitbh.ac.in"
"MUKESH DHADHARIYA","230101075","2023-27","mukesh.230101075@iiitbh.ac.in"
"RISHABH","230101103","2023-27","rishabh1.230101103@iiitbh.ac.in"
"ANIMESH MISHRA","230101028","2023-27","animesh.230101028@iiitbh.ac.in"
"SHIKHAR RAI","230102059","2023-27","shikhar.230102059@iiitbh.ac.in"
"ANANY BHARDWAJ","230101027","2023-27","anany.230101027@iiitbh.ac.in"
"AYUSH KUMAR TIWARI","230101044","2023-27","ayush6.230101044@iiitbh.ac.in"
"ANSHIK","230101030","2023-27","anshik.230101030@iiitbh.ac.in"
"NISHU KUMARI","230102039","2023-27","nishu.230102039@iiitbh.ac.in"
"KAVYA GUPTA","230102037","2023-27","kavya.230102037@iiitbh.ac.in"
"AMIT KUMAR","230101021","2023-27","amit1.230101021@iiitbh.ac.in"
"ABHIJEET MISHRA","230102001","2023-27","abhijeet.230102001@iiitbh.ac.in"
"SHUBHAM KUMAR","230102065","2023-27","shubham4.230102065@iiitbh.ac.in"
"HALAVATH VINAY KUMAR","230101151","2023-27","vinay.230101151@iiitbh.ac.in"
"PETLA JEVITESH","230101062","2023-27","jevitesh.230101062@iiitbh.ac.in"
"PRINCE KUMAR","230103028","2023-27","prince4.230103028@iiitbh.ac.in"
"KRISHNA KUMAR GUPTA","230101068","2023-27","krishna.230101068@iiitbh.ac.in"
"PRANJAL PANDEY","230103027","2023-27","pranjal.230103027@iiitbh.ac.in"
"ANURAG JAYASWAL","230101034","2023-27","anurag1.230101034@iiitbh.ac.in"
"MD IRFAN RAJ","230101060","2023-27","irfan.230101060@iiitbh.ac.in"
"GAURAV BANSAL","230102027","2023-27","gaurav2.230102027@iiitbh.ac.in"
"AMRIT RAJ","230101024","2023-27","amrit1.230101024@iiitbh.ac.in"
"VANSH BAJPAI","230102075","2023-27","vansh.230102075@iiitbh.ac.in"
"DEVI PRAKASH YADAV","230103013","2023-27","devi.230103013@iiitbh.ac.in"
"AMIT KUMAR","230102011","2023-27","amit4.230102011@iiitbh.ac.in"
"ASHUTOSH DWIVEDI","230101036","2023-27","ashutosh.230101036@iiitbh.ac.in"
"GUTTI LOKESH KUMAR","230101069","2023-27","lokesh1.230101069@iiitbh.ac.in"
"ARNAB MUKHAR BISWAS","230103009","2023-27","arnab.230103009@iiitbh.ac.in"
"UTKARSH","230101146","2023-27","utkarsh1.230101146@iiitbh.ac.in"
"AGLAWE VAISHNAV DATTATRAY","230104022","2023-27","vaishnav.230104022@iiitbh.ac.in"
"LOKESH CHAHAR","230101070","2023-27","lokesh2.230101070@iiitbh.ac.in"
"SATYAM","230101112","2023-27","satyam1.230101112@iiitbh.ac.in"
"NAZISH RAHMANI","230101076","2023-27","nazish.230101076@iiitbh.ac.in"
"RAUNAK RAGHUNATH MONDAL","230103030","2023-27","raunak.230103030@iiitbh.ac.in"
"RAVINDRA KUMAR","230101102","2023-27","ravindra.230101102@iiitbh.ac.in"
"ISHAN RAGHUVANSHI","230101061","2023-27","ishan.230101061@iiitbh.ac.in"
"POONAM MAHAWAR","230101087","2023-27","poonam.230101087@iiitbh.ac.in"
"SUDHANSHU KATIYAR","230101140","2023-27","sudhanshu.230101140@iiitbh.ac.in"
"MEDI RITHIK","230103034","2023-27","rithik.230103034@iiitbh.ac.in"
"RAUSHAN SINGH","230101100","2023-27","raushan1.230101100@iiitbh.ac.in"
"ANUPAM RAJ","230101033","2023-27","anupam.230101033@iiitbh.ac.in"
"ANSHUM AWASTHI","230101031","2023-27","anshum.230101031@iiitbh.ac.in"
"DHEERAJ BHANDARI","230102024","2023-27","dheeraj2.230102024@iiitbh.ac.in"
"MADAKAM RISHITHA","230104013","2023-27","rishitha.230104013@iiitbh.ac.in"
"SONU KUMAR","230101137","2023-27","sonu2.230101137@iiitbh.ac.in"
"HARSH KUMAR","230101056","2023-27","harsh2.230101056@iiitbh.ac.in"
"SAUMYA RAI","230101114","2023-27","saumya.230101114@iiitbh.ac.in"
"REESHITA DAY","230102048","2023-27","reeshita.230102048@iiitbh.ac.in"
"SURYANSH TYAGI","230103044","2023-27","suryansh.230103044@iiitbh.ac.in"
"PUDAMI DEVID RAJU","230102023","2023-27","devid.230102023@iiitbh.ac.in"
"RAJSHEKHAR","230101098","2023-27","rajshekhar.230101098@iiitbh.ac.in"
"DEEPANSH PANDEY","230104006","2023-27","deepansh.230104006@iiitbh.ac.in"
"SHRESHTH SINGH GAURAV","230101126","2023-27","shreshth.230101126@iiitbh.ac.in"
"AKHIL VIKRAM SINGH","230103005","2023-27","akhil.230103005@iiitbh.ac.in"
"NIRMAL MISHRA","230101081","2023-27","nirmal.230101081@iiitbh.ac.in"
"TUSHAR PATEL","230101145","2023-27","tushar.230101145@iiitbh.ac.in"
"MANNU KUMAR","230104011","2023-27","mannu.230104011@iiitbh.ac.in"
"AMAN KUMAR","230101018","2023-27","aman1.230101018@iiitbh.ac.in"
"BHAVIKA VISHNOI","230101046","2023-27","bhavika.230101046@iiitbh.ac.in"
"SHREYANSH ANAND","230101128","2023-27","shreyansh.230101128@iiitbh.ac.in"
"ADITYA KUMAR","230102007","2023-27","aditya7.230102007@iiitbh.ac.in"
"MANISH KUMAR","230102038","2023-27","manish1.230102038@iiitbh.ac.in"
"AMRIT RAJ","230102012","2023-27","amrit2.230102012@iiitbh.ac.in"
"SHIVANSHU PANDEY","230101125","2023-27","shivanshu.230101125@iiitbh.ac.in"
"DEV PRATAP","230101048","2023-27","dev.230101048@iiitbh.ac.in"
"DIVYANSHU PAL","230101051","2023-27","divyanshu.230101051@iiitbh.ac.in"
"SHIVAM RAWAT","230102060","2023-27","shivam6.230102060@iiitbh.ac.in"
"AKANKSHA KUMARI","230101012","2023-27","akanksha.230101012@iiitbh.ac.in"
"VAIBHAV MISHRA","230102074","2023-27","vaibhav2.230102074@iiitbh.ac.in"
"MD NESAR AHMAD","230101078","2023-27","nesar.230101078@iiitbh.ac.in"
"SANGYAM GOPI","230102055","2023-27","sangyam.230102055@iiitbh.ac.in"
"ABHISHEK SHUKLA","230101005","2023-27","abhishek3.230101005@iiitbh.ac.in"
"VIJAY KUMAR","230101150","2023-27","vijay.230101150@iiitbh.ac.in"
"RITESH RAJ","230103033","2023-27","ritesh.230103033@iiitbh.ac.in"
"RAJAT RAKESH RANJAN","230103029","2023-27","rajat.230103029@iiitbh.ac.in"
"SHRUTI SINHA","230102064","2023-27","shruti.230102064@iiitbh.ac.in"
"SURAJ KUMAR","230102070","2023-27","suraj.230102070@iiitbh.ac.in"
"ADITI SINGH","230102005","2023-27","aditi.230102005@iiitbh.ac.in"
"AYUSH KUMAR","230101040","2023-27","ayush2.230101040@iiitbh.ac.in"
"TANISH CHOURASIA","230101144","2023-27","tanish.230101144@iiitbh.ac.in"
"MOHAMMAD AYAZ","230103023","2023-27","ayaz.230103023@iiitbh.ac.in"
"MANIRANJAN","230101072","2023-27","maniranjan.230101072@iiitbh.ac.in"
"BANOTH PRAVEEN KUMAR","230101093","2023-27","praveen.230101093@iiitbh.ac.in"
"PRAKHAR PRAKASH","230101089","2023-27","prakhar.230101089@iiitbh.ac.in"
"ANKIT KUMAR GAUTAM","230102014","2023-27","ankit2.230102014@iiitbh.ac.in"
"JAYANT KUMAR","230104009","2023-27","jayant.230104009@iiitbh.ac.in"
"DEEPAK BIRAJEE","230102022","2023-27","deepak.230102022@iiitbh.ac.in"
"RAVI RAJ KUMAR","230102047","2023-27","ravi2.230102047@iiitbh.ac.in"
"SHREYA TIWARI","230101127","2023-27","shreya.230101127@iiitbh.ac.in"
"ROHIT HALDER","230102050","2023-27","rohit1.230102050@iiitbh.ac.in"
"ANANT RAWAT","230101026","2023-27","anant.230101026@iiitbh.ac.in"
"RUDRAKSH DIXIT","230102053","2023-27","rudraksh.230102053@iiitbh.ac.in"
"ROMIT RAJ","230102052","2023-27","romit.230102052@iiitbh.ac.in"
"HARSH KUMAR SAIN","230103016","2023-27","harsh8.230103016@iiitbh.ac.in"
"YASH PATEL","230102076","2023-27","yash3.230102076@iiitbh.ac.in"
"ANURAG PRATAP","230103008","2023-27","anurag2.230103008@iiitbh.ac.in"
"GAURAV VISHAL","230102029","2023-27","gaurav4.230102029@iiitbh.ac.in"
"SHUBHAM PAREEK","230101131","2023-27","shubham2.230101131@iiitbh.ac.in"
"PRINCE KUMAR","230102045","2023-27","prince3.230102045@iiitbh.ac.in"
"RATNESH KUMAR SINGH","230101099","2023-27","ratnesh.230101099@iiitbh.ac.in"
"HARSH KUMAR","230103015","2023-27","harsh7.230103015@iiitbh.ac.in"
"AYUSH SRIVASTAVA","230103011","2023-27","ayush.230103011@iiitbh.ac.in"
"BANOTHU ANUSHA","230102015","2023-27","anusha.230102015@iiitbh.ac.in"
"PRIYADARSHAN SATYAM BHARTI","230102046","2023-27","priyadarshan.230102046@iiitbh.ac.in"
"ROHIT KUMAR","230102051","2023-27","rohit2.230102051@iiitbh.ac.in"
"PANDEY ANKIT SANJAY","230104003","2023-27","ankit4.230104003@iiitbh.ac.in"
"HARSH YADAV","230102032","2023-27","harsh5.230102032@iiitbh.ac.in"
"ANKIT KUMAR RAO","230101029","2023-27","ankit1.230101029@iiitbh.ac.in"
"MAHIMA PATEL","230103020","2023-27","mahima.230103020@iiitbh.ac.in"
"MANJEET KUMAR","230104010","2023-27","manjeet.230104010@iiitbh.ac.in"
"BHIVANSHU LAWANIYA","230102020","2023-27","bhivanshu.230102020@iiitbh.ac.in"
"ANAMIKA","230103006","2023-27","anamika2.230103006@iiitbh.ac.in"
"HARSH","230101055","2023-27","harsh1.230101055@iiitbh.ac.in"
"HARSH KUMAR","230104007","2023-27","harsh6.230104007@iiitbh.ac.in"
"ARGHYA BISWAS","230104004","2023-27","arghya.230104004@iiitbh.ac.in"
"OMPRAKASH MEENA","230101084","2023-27","omprakash.230101084@iiitbh.ac.in"
"ANUJ KUMAR","230103007","2023-27","anuj.230103007@iiitbh.ac.in"
"CHEMALLAMUDI PRASHANTH BABU","230102044","2023-27","prashanth.230102044@iiitbh.ac.in"
"SINTU KUMAR","230102067","2023-27","sintu.230102067@iiitbh.ac.in"
"SATEESH KUMAR","230102056","2023-27","sateesh.230102056@iiitbh.ac.in"
"YASH RAJ","230101155","2023-27","yash2.230101155@iiitbh.ac.in"
"SEJAL DHRUWEY","230101117","2023-27","sejal.230101117@iiitbh.ac.in"
"SHREESH PATHAK","230102063","2023-27","shreesh.230102063@iiitbh.ac.in"
"GAURAV SINGH","230102028","2023-27","gaurav3.230102028@iiitbh.ac.in"
"SNEHA SINGH","230102069","2023-27","sneha.230102069@iiitbh.ac.in"
"ANDHAVARAPU JASWANTH","230103018","2023-27","jaswanth.230103018@iiitbh.ac.in"
"RAUSHAN KUMAR","230103031","2023-27","raushan2.230103031@iiitbh.ac.in"
"SHASHANK SRIVASTAVA","230102058","2023-27","shashank2.230102058@iiitbh.ac.in"
"SHUBHAM YADAV","230101132","2023-27","shubham3.230101132@iiitbh.ac.in"
"ARNAV KUMAR","230104005","2023-27","arnav3.230104005@iiitbh.ac.in"
"VAIBHAV GUPTA","230102073","2023-27","vaibhav1.230102073@iiitbh.ac.in"
"SAURABH MEENA","230101115","2023-27","saurabh1.230101115@iiitbh.ac.in"
"ANAND KUMAR SHUKLA","230102013","2023-27","anand.230102013@iiitbh.ac.in"
"SRISHTI PRIYA","230103043","2023-27","srishti.230103043@iiitbh.ac.in"
"SKAND KUMAR JHA","230102068","2023-27","skand.230102068@iiitbh.ac.in"
"SHREYANK KUMAR","230103041","2023-27","shreyank.230103041@iiitbh.ac.in"
"ATULYA SRIVASTAVA","230101038","2023-27","atulya.230101038@iiitbh.ac.in"
"SUMIT SINGH","230101142","2023-27","sumit2.230101142@iiitbh.ac.in"
"RAVI KUMAR","230103032","2023-27","ravi3.230103032@iiitbh.ac.in"
"SHIVA","230104019","2023-27","shiva1.230104019@iiitbh.ac.in"
"ABHAY KESHARI","230103001","2023-27","abhay.230103001@iiitbh.ac.in"
"ISHANT SINGH","230102034","2023-27","ishant.230102034@iiitbh.ac.in"
"DISANTI GHOSH","230102026","2023-27","disanti.230102026@iiitbh.ac.in"
"RUPESH ROVERT BHAIRAVI","230101107","2023-27","rupesh.230101107@iiitbh.ac.in"
"NITIN","230104012","2023-27","nitin2.230104012@iiitbh.ac.in"
"AMAN SHARMA","230102010","2023-27","aman4.230102010@iiitbh.ac.in"
"MD ZAKI","230101156","2023-27","zaki.230101156@iiitbh.ac.in"
"RITIK BHARDWAJ","230104014","2023-27","ritik2.230104014@iiitbh.ac.in"
"ABHISHEK KUMAR","230102003","2023-27","abhishek4.230102003@iiitbh.ac.in"
"DHANU GUPTA","230103014","2023-27","dhanu.230103014@iiitbh.ac.in"
"SHUBHAM KUMAR","230101130","2023-27","shubham1.230101130@iiitbh.ac.in"
"VIVEK KUMAR GUPTA","230104023","2023-27","vivek2.230104023@iiitbh.ac.in"
"RAVI PRAKASH PAL","230101101","2023-27","ravi1.230101101@iiitbh.ac.in"
"SIBA KUMAR TUDU","230103042","2023-27","siba.230103042@iiitbh.ac.in"
"ADITYA GUHA","230103004","2023-27","aditya9.230103004@iiitbh.ac.in"
"AYUSH KUMAR SINGH","230103010","2023-27","ayush8.230103010@iiitbh.ac.in"
"SUJAL GOYAL","230104020","2023-27","sujal.230104020@iiitbh.ac.in"
"SHIVAM GAUTAM","230101120","2023-27","shivam1.230101120@iiitbh.ac.in"
"VAIBHAV KUMAR","230103045","2023-27","vaibhav3.230103045@iiitbh.ac.in"
"SANDEEP KUMAR","230104016","2023-27","sandeep.230104016@iiitbh.ac.in"
"NISHANT SHARMA","230103024","2023-27","nishant.230103024@iiitbh.ac.in"
"RISHABH RAJ GUPTA","230102049","2023-27","rishabh3.230102049@iiitbh.ac.in"
"VINAYAK DIXIT","230101152","2023-27","vinayak.230101152@iiitbh.ac.in"
"MADDU SAI KOUSHIK","230103036","2023-27","sai2.230103036@iiitbh.ac.in"
"PRAKRITI ARYAN","230101090","2023-27","prakriti.230101090@iiitbh.ac.in"
"AYUSH KUMAR","230102019","2023-27","ayush7.230102019@iiitbh.ac.in"
"SAURABH MISHRA","230101116","2023-27","saurabh2.230101116@iiitbh.ac.in"
"KANISHK PANDEY","230102035","2023-27","kanishk.230102035@iiitbh.ac.in"
"ADITYA JOHARI","230101009","2023-27","aditya3.230101009@iiitbh.ac.in"
"AKHILESH KUMAR","230102009","2023-27","akhilesh2.230102009@iiitbh.ac.in"
"ROUNAK UIKEY","230104015","2023-27","rounak.230104015@iiitbh.ac.in"
"ARYAN YADAV","230102018","2023-27","aryan.230102018@iiitbh.ac.in"
"SHIVAM RAGHUWANSHI","230101123","2023-27","shivam4.230101123@iiitbh.ac.in"
"MANIKANT KUMAR","230101071","2023-27","manikant.230101071@iiitbh.ac.in"
"TENTU SURENDRA","230104021","2023-27","surendra.230104021@iiitbh.ac.in"
"SUMIT KUMAR PATHAK","230101141","2023-27","sumit1.230101141@iiitbh.ac.in"
"JITENDRA KUMAR SINGH","230101063","2023-27","jitendra.230101063@iiitbh.ac.in"
"ARNAV RAJ","230102016","2023-27","arnav1.230102016@iiitbh.ac.in"
"ADITYA GUPTA","230101008","2023-27","aditya2.230101008@iiitbh.ac.in"
"BUDAGAJANGAM MAIBU","230101047","2023-27","budagajangam.230101047@iiitbh.ac.in"
"MAYANK KUMAR MISHRA","230103022","2023-27","mayank2.230103022@iiitbh.ac.in"
"KRISH ANAND","240101012","2024-28","krish.240101012@iiitbh.ac.in"
"HIBA KHAN","240103275","2024-28","hiba.240103275@iiitbh.ac.in"
"AJEET SINGH","240101214","2024-28","ajeet.240101214@iiitbh.ac.in"
"SOMAIYA VEER","240101132","2024-28","somaiya.240101132@iiitbh.ac.in"
"KRISH SHUKLA","240101017","2024-28","krish.240101017@iiitbh.ac.in"
"ABHI DEVANSH","240103024","2024-28","abhi.240103024@iiitbh.ac.in"
"HIMANK","240101054","2024-28","himank.240101054@iiitbh.ac.in"
"VEDANT GUPTA","240102151","2024-28","vedant.240102151@iiitbh.ac.in"
"ADITYA KUMAR","240102053","2024-28","aditya.240102053@iiitbh.ac.in"
"SAURABH KUMAR RANJAN","240101084","2024-28","saurabh.240101084@iiitbh.ac.in"
"SWAGAT SAHU","240103134","2024-28","swagat.240103134@iiitbh.ac.in"
"DEEP RAJ GUPTA","240101055","2024-28","deep.240101055@iiitbh.ac.in"
"ANSH YADAV","240101187","2024-28","ansh.240101187@iiitbh.ac.in"
"AFTAB HUSSAIN","240101019","2024-28","aftab.240101019@iiitbh.ac.in"
"YASHVEER","240101204","2024-28","yashveer.240101204@iiitbh.ac.in"
"HARSHIT KUMAR","240103009","2024-28","harshit.240103009@iiitbh.ac.in"
"NISHANT RANJAN","240102074","2024-28","nishant.240102074@iiitbh.ac.in"
"AKASH TRIPATHI","240102117","2024-28","akash.240102117@iiitbh.ac.in"
"SUYASH SHUKLA","240103112","2024-28","suyash.240103112@iiitbh.ac.in"
"ANIL NISHAD","240101186","2024-28","anil.240101186@iiitbh.ac.in"
"SARTHAK CHHABRA","240101185","2024-28","sarthak.240101185@iiitbh.ac.in"
"KARAN KUMAR PANDEY","240101206","2024-28","karan.240101206@iiitbh.ac.in"
"PAYOD MANI GEETAM","240102144","2024-28","payod.240102144@iiitbh.ac.in"
"OM ADITYA JHA","240104213","2024-28","om.240104213@iiitbh.ac.in"
"HARSH KUMAR YADAV","240101010","2024-28","harsh.240101010@iiitbh.ac.in"
"ABHITESH SINGH CHAUHAN","240101296","2024-28","abhitesh.240101296@iiitbh.ac.in"
"ANUJ SAH","240102167","2024-28","anuj.240102167@iiitbh.ac.in"
"ADITYA UPADHYAY","240102155","2024-28","aditya.240102155@iiitbh.ac.in"
"NAKKA RAKESH","240101261","2024-28","nakka.240101261@iiitbh.ac.in"
"SHIVESH KUMAR DEY","240103274","2024-28","shivesh.240103274@iiitbh.ac.in"
"NAVIN KUMAR","240101184","2024-28","navin.240101184@iiitbh.ac.in"
"CHITLURI HARSHITH KUMAR","240101178","2024-28","chitluri.240101178@iiitbh.ac.in"
"PRABHAT RAI","240103257","2024-28","prabhat.240103257@iiitbh.ac.in"
"DEBOJYOTI DEV","240101051","2024-28","debojyoti.240101051@iiitbh.ac.in"
"GUDA NARESH REDDY","240103273","2024-28","guda.240103273@iiitbh.ac.in"
"SIDDHANT CHOURASIYA","240102283","2024-28","siddhant.240102283@iiitbh.ac.in"
"TWINKLE KUMARI","240101143","2024-28","twinkle.240101143@iiitbh.ac.in"
"ANIMESH GUPTA","240101037","2024-28","animesh.240101037@iiitbh.ac.in"
"JHA ADITYAKUMAR BIKU","240101150","2024-28","jha.240101150@iiitbh.ac.in"
"AYUSH PATEL","240103102","2024-28","ayush.240103102@iiitbh.ac.in"
"JATIN MEENA","240101146","2024-28","jatin.240101146@iiitbh.ac.in"
"KATRAVATH ROSHAN RATHOD","240101285","2024-28","katravath.240101285@iiitbh.ac.in"
"SHAURYA DWIVEDI","240101295","2024-28","shaurya.240101295@iiitbh.ac.in"
"DINKAR KUMAR","240101272","2024-28","dinkar.240101272@iiitbh.ac.in"
"NEMALIPURI JASWANTH SAI","240101212","2024-28","nemalipuri.240101212@iiitbh.ac.in"
"ADITI MAITY","240101260","2024-28","aditi.240101260@iiitbh.ac.in"
"AMIT KUMAR","240101293","2024-28","amit.240101293@iiitbh.ac.in"
"ADITYA ANAND","240101279","2024-28","aditya.240101279@iiitbh.ac.in"
"ASHISH KUMAR","240101018","2024-28","ashish.240101018@iiitbh.ac.in"
"ANIMESH JAIN","240101254","2024-28","animesh.240101254@iiitbh.ac.in"
"ANURAG KUMAR","240103270","2024-28","anurag.240103270@iiitbh.ac.in"
"NISHU KUMARI","240103211","2024-28","nishu.240103211@iiitbh.ac.in"
"BALABHADRUNI SRUJAN KAUSAL","240102258","2024-28","balabhadruni.240102258@iiitbh.ac.in"
"SHREYAS PRAJAPATI","240101031","2024-28","shreyas.240101031@iiitbh.ac.in"
"PIYUSH SINGH","240104205","2024-28","piyush.240104205@iiitbh.ac.in"
"MAYANK KUMAR GUPT","240103259","2024-28","mayank.240103259@iiitbh.ac.in"
"SHIVADASU THARUN TEJA","240101183","2024-28","shivadasu.240101183@iiitbh.ac.in"
"ARYAN NANDAN","240102271","2024-28","aryan.240102271@iiitbh.ac.in"
"ADARSH KUMAR GOSWAMI","240102149","2024-28","adarsh.240102149@iiitbh.ac.in"
"ANSHUMAN RAJPOOT","240101200","2024-28","anshuman.240101200@iiitbh.ac.in"
"PREETHAM R BYALI","240103049","2024-28","preetham.240103049@iiitbh.ac.in"
"MANISH KUMAR MEENA","240101047","2024-28","manish.240101047@iiitbh.ac.in"
"PRINCE KUMAR","240101182","2024-28","prince.240101182@iiitbh.ac.in"
"NAMAN GUPTA","240102253","2024-28","naman.240102253@iiitbh.ac.in"
"KESHAV KISHORE DEO","240103145","2024-28","keshav.240103145@iiitbh.ac.in"
"ABHINAV DWIVEDI","240101048","2024-28","abhinav.240101048@iiitbh.ac.in"
"SUMENDRA GUPTA","240101210","2024-28","sumendra.240101210@iiitbh.ac.in"
"KUMAR SAHIL SONAL","240103050","2024-28","kumar.240103050@iiitbh.ac.in"
"VANSH GUPTA","240102207","2024-28","vansh.240102207@iiitbh.ac.in"
"DHRUV CHAURASIA","240102052","2024-28","dhruv.240102052@iiitbh.ac.in"
"ABHIJIT KUMAR","240104096","2024-28","abhijit.240104096@iiitbh.ac.in"
"CHINMAY CHETAN","240104165","2024-28","chinmay.240104165@iiitbh.ac.in"
"SUKRIT ARYAN","240101035","2024-28","sukrit.240101035@iiitbh.ac.in"
"SNEHA VARMA","240103109","2024-28","sneha.240103109@iiitbh.ac.in"
"UTSAV KUMAR","240101114","2024-28","utsav.240101114@iiitbh.ac.in"
"VEDANT SINGH","240102162","2024-28","vedant.240102162@iiitbh.ac.in"
"BOLISHETTY CHETAN","240103194","2024-28","bolishetty.240103194@iiitbh.ac.in"
"AMALADASU JAHNAVI","240101199","2024-28","amaladasu.240101199@iiitbh.ac.in"
"MANISH KUMAR","240103202","2024-28","manish.240103202@iiitbh.ac.in"
"PRADYUMNA KUMAR SANJAY KUMAR SINGH","240101038","2024-28","pradyumna.240101038@iiitbh.ac.in"
"SAURABH SINGH","240101147","2024-28","saurabh.240101147@iiitbh.ac.in"
"SHREYA RAI","240102203","2024-28","shreya.240102203@iiitbh.ac.in"
"ADITYA RAJ","240101173","2024-28","aditya.240101173@iiitbh.ac.in"
"RISHU RAJ","240101262","2024-28","rishu.240101262@iiitbh.ac.in"
"YASH KUMAR","240101170","2024-28","yash.240101170@iiitbh.ac.in"
"ATTENDRA BHUSHAN","240102100","2024-28","attendra.240102100@iiitbh.ac.in"
"ARJIT SINGH","240104138","2024-28","arjit.240104138@iiitbh.ac.in"
"SHLOK TIWARI","240102189","2024-28","shlok.240102189@iiitbh.ac.in"
"RITESH RANJAN","240101108","2024-28","ritesh.240101108@iiitbh.ac.in"
"AMAN RATHORE","240102166","2024-28","aman.240102166@iiitbh.ac.in"
"SAURABH GUPTA","240101142","2024-28","saurabh.240101142@iiitbh.ac.in"
"KRISH SONKAR","240101127","2024-28","krish.240101127@iiitbh.ac.in"
"RISHI KUMAR AWASTHI","240102201","2024-28","rishi.240102201@iiitbh.ac.in"
"ABHAY SHANKAR","240102172","2024-28","abhay.240102172@iiitbh.ac.in"
"NEERAJ","240102044","2024-28","neeraj.240102044@iiitbh.ac.in"
"TILAK VATS","240101043","2024-28","tilak.240101043@iiitbh.ac.in"
"SANJANA ADHIKARI","240102169","2024-28","sanjana.240102169@iiitbh.ac.in"
"ABHINAV KISHAN","240101164","2024-28","abhinav.240101164@iiitbh.ac.in"
"PRIYAM KUMAR","240101161","2024-28","priyam.240101161@iiitbh.ac.in"
"VINAYAK MISHRA","240102107","2024-28","vinayak.240102107@iiitbh.ac.in"
"ANAND TRIPATHI","240103192","2024-28","anand.240103192@iiitbh.ac.in"
"KUNDAN KUMAR","240102198","2024-28","kundan.240102198@iiitbh.ac.in"
"RISHAV BANSAL","240101099","2024-28","rishav.240101099@iiitbh.ac.in"
"DIVYANSH RAJAWAT","240101195","2024-28","divyansh.240101195@iiitbh.ac.in"
"DEVANSHI SHARMA","240101120","2024-28","devanshi.240101120@iiitbh.ac.in"
"ASHUTOSH KUMAR","240104137","2024-28","ashutosh.240104137@iiitbh.ac.in"
"VINEET CHAUHAN","240101252","2024-28","vineet.240101252@iiitbh.ac.in"
"H K BHARGAV","240103076","2024-28","h.240103076@iiitbh.ac.in"
"AMAR KUMAR","240103188","2024-28","amar.240103188@iiitbh.ac.in"
"RAHUL YADAV","240101209","2024-28","rahul.240101209@iiitbh.ac.in"
"RAMJEE KUMAR","240101128","2024-28","ramjee.240101128@iiitbh.ac.in"
"CHANDAN KUMAR DAS","240102180","2024-28","chandan.240102180@iiitbh.ac.in"
"ANMOL GURJAR","240101159","2024-28","anmol.240101159@iiitbh.ac.in"
"RAHUL RANJAN","240104113","2024-28","rahul.240104113@iiitbh.ac.in"
"SHIVAM PRAJAPATI","240102042","2024-28","shivam.240102042@iiitbh.ac.in"
"VIVEK RAKESH TIWARY","240102040","2024-28","vivek.240102040@iiitbh.ac.in"
"SWASTI JAIN","240101168","2024-28","swasti.240101168@iiitbh.ac.in"
"BIRDAW BARO","240101175","2024-28","birdaw.240101175@iiitbh.ac.in"
"HARSH SANKHLA","240104171","2024-28","harsh.240104171@iiitbh.ac.in"
"RACHIT ANIL INGOLE","240101179","2024-28","rachit.240101179@iiitbh.ac.in"
"RAPURI KRISHNA CHAITANYA","240102098","2024-28","rapuri.240102098@iiitbh.ac.in"
"AFTAB ALAM","240101157","2024-28","aftab.240101157@iiitbh.ac.in"
"ANJANI NANDAN PANDEY","240102160","2024-28","anjani.240102160@iiitbh.ac.in"
"ASHUTOSH CHAUBEY","240101158","2024-28","ashutosh.240101158@iiitbh.ac.in"
"MD MAAZ ALI HAIDER","240101097","2024-28","md.240101097@iiitbh.ac.in"
"NITIN SANDHU","240103106","2024-28","nitin.240103106@iiitbh.ac.in"
"RAHUL PRASAD","240101030","2024-28","rahul.240101030@iiitbh.ac.in"
"YUVRAJ KUMAWAT","240102033","2024-28","yuvraj.240102033@iiitbh.ac.in"
"ADARSH MISHRA","240102075","2024-28","adarsh.240102075@iiitbh.ac.in"
"SATYAM RANJAN","240103104","2024-28","satyam.240103104@iiitbh.ac.in"
"VIMAL KUMAR SINGH","240101136","2024-28","vimal.240101136@iiitbh.ac.in"
"AKKINEPALLI PRUDHVIK","240102083","2024-28","akkinepalli.240102083@iiitbh.ac.in"
"ANSHUMAN SINGH","240101022","2024-28","anshuman.240101022@iiitbh.ac.in"
"SHREYANSH DIWAKAR","240101011","2024-28","shreyansh.240101011@iiitbh.ac.in"
"INDRA RAM SUTHAr","240101124","2024-28","indra.240101124@iiitbh.ac.in"
"LOKESH BAIRWA","240104077","2024-28","lokesh.240104077@iiitbh.ac.in"
"AARAV","240101078","2024-28","aarav.240101078@iiitbh.ac.in"
"SUMIT KUMAR","240102032","2024-28","sumit.240102032@iiitbh.ac.in"
"ARMAN AGRAWAL","240103092","2024-28","arman.240103092@iiitbh.ac.in"
"SHIVAM RAJAK","240101101","2024-28","shivam.240101101@iiitbh.ac.in"
"DEEPESH GUPTA","240102110","2024-28","deepesh.240102110@iiitbh.ac.in"
"SATVIK SINGH","240101041","2024-28","satvik.240101041@iiitbh.ac.in"
"VIKRANT RAI","240101026","2024-28","vikrant.240101026@iiitbh.ac.in"
"AYUSH KUMAR THAKUR","240102123","2024-28","ayush.240102123@iiitbh.ac.in"
"PRANOY BASUMATARY","240101086","2024-28","pranoy.240101086@iiitbh.ac.in"
"MANISH KUMAR SINGH","240101015","2024-28","manish.240101015@iiitbh.ac.in"
"ATHARV SOLANKI","240103118","2024-28","atharv.240103118@iiitbh.ac.in"
"D TAGORE SAI RUDRAKSH","240102126","2024-28","d.240102126@iiitbh.ac.in"
"KUMAR AADARSH","240102081","2024-28","kumar.240102081@iiitbh.ac.in"
"CHANCHAL KUMARI","240104133","2024-28","chanchal.240104133@iiitbh.ac.in"
"GYAN PRAKASH YADAV","240101090","2024-28","gyan.240101090@iiitbh.ac.in"
"RAGHAV AGARWAL","240101014","2024-28","raghav.240101014@iiitbh.ac.in"
"ABHINAV KUMAR PANDIT","240102080","2024-28","abhinav.240102080@iiitbh.ac.in"
"ROSHAN KUMAR","240101091","2024-28","roshan.240101091@iiitbh.ac.in"
"HARSH KHARWAR","240103263","2024-28","harsh.240103263@iiitbh.ac.in"
"SHREYANSH GUPTA","240103046","2024-28","shreyansh.240103046@iiitbh.ac.in"
"EKANSH GUPTA","240101069","2024-28","ekansh.240101069@iiitbh.ac.in"
"RITU RAJ","240101070","2024-28","ritu.240101070@iiitbh.ac.in"
"DIPANSHU","240103227","2024-28","dipanshu.240103227@iiitbh.ac.in"
"AYUSH RAJ","240102152","2024-28","ayush.240102152@iiitbh.ac.in"
"ALOK MEHATA","240101072","2024-28","alok.240101072@iiitbh.ac.in"
"VINIT KUMAR","240103281","2024-28","vinit.240103281@iiitbh.ac.in"
"MD IBRAHIM","240102229","2024-28","md.240102229@iiitbh.ac.in"
"RITESH KUMAR VERMA","240101268","2024-28","ritesh.240101268@iiitbh.ac.in"
"AMAN RAJ","240101065","2024-28","aman.240101065@iiitbh.ac.in"
"ISHAAN SHAILENDRAKUMAR JHA","240103039","2024-28","ishaan.240103039@iiitbh.ac.in"
"AKASH SINGH ANAND","240102226","2024-28","akash.240102226@iiitbh.ac.in"
"VISHNU SHANKER MISHRA","240103267","2024-28","vishnu.240103267@iiitbh.ac.in"
"DIVYA","240101288","2024-28","divya.240101288@iiitbh.ac.in"
"BHASKAR KUMAR","240101073","2024-28","bhaskar.240101073@iiitbh.ac.in"
"KARTIK GUPTA","240101071","2024-28","kartik.240101071@iiitbh.ac.in"
"DIVYANSH YADAV","240101141","2024-28","divyansh.240101141@iiitbh.ac.in"
"KANISHK BISHT","240102231","2024-28","kanishk.240102231@iiitbh.ac.in"
"SOURABH KUMAR","240101232","2024-28","sourabh.240101232@iiitbh.ac.in"
"ASHUTOSH KUMAR","240101280","2024-28","ashutosh.240101280@iiitbh.ac.in"
"K ADITYA RAJ KUMAR DORA","240101230","2024-28","k.240101230@iiitbh.ac.in"
"ANGEL HADASSHA AMALADASU","240102256","2024-28","angel.240102256@iiitbh.ac.in"
"RAVI KANT CHOUDHARY","240101264","2024-28","ravi.240101264@iiitbh.ac.in"
"AMRIT","240103177","2024-28","amrit.240103177@iiitbh.ac.in"
"ANUJ SONI","240102093","2024-28","anuj.240102093@iiitbh.ac.in"
"MANAS VERMA","240101269","2024-28","manas.240101269@iiitbh.ac.in"
"AADITYA SINGH","240102008","2024-28","aaditya.240102008@iiitbh.ac.in"
"SAMEER GUPTA","240104225","2024-28","sameer.240104225@iiitbh.ac.in"
"HARSH KUSHWAHA","240103174","2024-28","harsh.240103174@iiitbh.ac.in"
"TEJENDRA TEJASHWI","240103111","2024-28","tejendra.240103111@iiitbh.ac.in"
"GANNERI BHARADWAJA","240101029","2024-28","ganneri.240101029@iiitbh.ac.in"
"VISHAL RAWAT","240101233","2024-28","vishal.240101233@iiitbh.ac.in"
"YUG SHARMA","240103135","2024-28","yug.240103135@iiitbh.ac.in"
"JAYANSHU BHARDWAJ","240101181","2024-28","jayanshu.240101181@iiitbh.ac.in"
"PRASHANT KUMAR","240101191","2024-28","prashant.240101191@iiitbh.ac.in"
"SARVAGYA DWIVEDI","240103103","2024-28","sarvagya.240103103@iiitbh.ac.in"
"BIMAL KRISHNA PRADHAN","240103068","2024-28","bimal.240103068@iiitbh.ac.in"
"DEEPAK CHAUDHARY","240101266","2024-28","deepak.240101266@iiitbh.ac.in"
"KAUSTUK PRATAP SINGH","240103196","2024-28","kaustuk.240103196@iiitbh.ac.in"
"SHUBHRANSHU RANJAN","240101020","2024-28","shubhranshu.240101020@iiitbh.ac.in"
"PANKAJ KUMAR","240101228","2024-28","pankaj.240101228@iiitbh.ac.in"
"VISHAL BHADOURIYA","240101190","2024-28","vishal.240101190@iiitbh.ac.in"
"PUNEET SUMAN","240102036","2024-28","puneet.240102036@iiitbh.ac.in"
"ATYADIK KUMAR ANAND","240101251","2024-28","atyadik.240101251@iiitbh.ac.in"
"RAHUL","240103289","2024-28","rahul.240103289@iiitbh.ac.in"
"MOHAMMAD UMAR","240101278","2024-28","mohammad.240101278@iiitbh.ac.in"
"MISHA RAJ","240101265","2024-28","misha.240101265@iiitbh.ac.in"
"SHIVAM SHUKLA","240103193","2024-28","shivam.240103193@iiitbh.ac.in"
"PRANJAL SINGH","240102277","2024-28","pranjal.240102277@iiitbh.ac.in"
"P R LAKSHMIKANTH","240103235","2024-28","p.240103235@iiitbh.ac.in"
"DEEPAK KHANNA","240104276","2024-28","deepak.240104276@iiitbh.ac.in"
"SATISH KUMAR","240101236","2024-28","satish.240101236@iiitbh.ac.in"
"NIVEDITA KASAUDHAN","240101116","2024-28","nivedita.240101116@iiitbh.ac.in"
"NISHANT MISHRA","240101021","2024-28","nishant.240101021@iiitbh.ac.in"
"KARTIKEY SINGH","240101237","2024-28","kartikey.240101237@iiitbh.ac.in"
"YASH VARDHAN SINGH","240104234","2024-28","yash.240104234@iiitbh.ac.in"
"AYUSH GUPTA","240101089","2024-28","ayush.240101089@iiitbh.ac.in"
"SURAJ KUMAR","240101079","2024-28","suraj.240101079@iiitbh.ac.in"
"NITESH KUMAR VARMA","240101284","2024-28","nitesh.240101284@iiitbh.ac.in"
"ASHU RAJPOOT","240101239","2024-28","ashu.240101239@iiitbh.ac.in"
"MANDEEP KUMAR","240101238","2024-28","mandeep.240101238@iiitbh.ac.in"
"AMAN PRATAP","240104241","2024-28","aman.240104241@iiitbh.ac.in"
"DIVYANSH GUPTA","240103163","2024-28","divyansh.240103163@iiitbh.ac.in"
"SUDHANSHU SHEKHAR","240101125","2024-28","sudhanshu.240101125@iiitbh.ac.in"
"USTAT SINGH","240103240","2024-28","ustat.240103240@iiitbh.ac.in"
"ABHISHEK KUMAR","240102242","2024-28","abhishek.240102242@iiitbh.ac.in"
"DIVYANSH MISHRA","240103025","2024-28","divyansh.240103025@iiitbh.ac.in"
"SHASHANK SHEKHAR","240101246","2024-28","shashank.240101246@iiitbh.ac.in"
"VISHWANATH SINGH","240102292","2024-28","vishwanath.240102292@iiitbh.ac.in"
"SHASHI SHEKHAR","240101290","2024-28","shashi.240101290@iiitbh.ac.in"
"NIKHIL RAJ","240101088","2024-28","nikhil.240101088@iiitbh.ac.in"
"VISHAL KUMAR","240101248","2024-28","vishal.240101248@iiitbh.ac.in"
"PARIMAL SADANSHIV","240104243","2024-28","parimal.240104243@iiitbh.ac.in"
"RAJAT KUMAR SHARMA","240101247","2024-28","rajat.240101247@iiitbh.ac.in"
"RAHUL HEMBRAM","240101244","2024-28","rahul.240101244@iiitbh.ac.in"
"RAJDEEP SOROUT","240101082","2024-28","rajdeep.240101082@iiitbh.ac.in"
"ANUJ SINGH","240101013","2024-28","anuj.240101013@iiitbh.ac.in"
"SOHAM BALKRISHNA TALE","240102067","2024-28","soham.240102067@iiitbh.ac.in"
"HARSH KUMAR","240101223","2024-28","harsh.240101223@iiitbh.ac.in"
"RAMAVATH THARUN","240102282","2024-28","ramavath.240102282@iiitbh.ac.in"
"ANAND KUMAR","240102249","2024-28","anand.240102249@iiitbh.ac.in"
"ISHANI KARPOOR","240103291","2024-28","ishani.240103291@iiitbh.ac.in"
"PRIYANSHU KUMAR","240101034","2024-28","priyanshu.240101034@iiitbh.ac.in"
"ASHISH BISARIYA","240102286","2024-28","ashish.240102286@iiitbh.ac.in"
"DEVANSH CHOUDHARY","240102245","2024-28","devansh.240102245@iiitbh.ac.in"
"PREET PRAKASH RANJAN","240102220","2024-28","preet.240102220@iiitbh.ac.in"
"MANISH DANGI","240104064","2024-28","manish.240104064@iiitbh.ac.in"
"KESHARI MAHADEV VIJAY","240101066","2024-28","keshari.240101066@iiitbh.ac.in"
"PRADEEP KUMAR","240101023","2024-28","pradeep.240101023@iiitbh.ac.in"
"ARPIT SINGH BAGHEL","240101250","2024-28","arpit.240101250@iiitbh.ac.in"
"KARTIKEY SINGH","240101140","2024-28","kartikey.240101140@iiitbh.ac.in"
"ADITYA PANDEY","240104294","2024-28","aditya.240104294@iiitbh.ac.in"
"SHREYA SINHA","240101119","2024-28","shreya.240101119@iiitbh.ac.in"
"VINAMRA SAXENA","240101121","2024-28","vinamra.240101121@iiitbh.ac.in"
"SATYAK GOVINDWAR","240104224","2024-28","satyak.240104224@iiitbh.ac.in"
"NAMAN KUMAR","240101219","2024-28","naman.240101219@iiitbh.ac.in"
"NAVNEET JAISWAL","240101028","2024-28","navneet.240101028@iiitbh.ac.in"
"VISHAL BHARTI","240101016","2024-28","vishal.240101016@iiitbh.ac.in"
"ARYAN SAINI","240103045","2024-28","aryan.240103045@iiitbh.ac.in"
"PRAVEEN KUMAR","240101156","2024-28","praveen.240101156@iiitbh.ac.in"
"ANSHU KUMARI","240101154","2024-28","anshu.240101154@iiitbh.ac.in"
"NITISH KUMAR","240103222","2024-28","nitish.240103222@iiitbh.ac.in"
"SHIVAM KUMAR","240101131","2024-28","shivam.240101131@iiitbh.ac.in"
"VARUN SHARMA","240102085","2024-28","varun.240102085@iiitbh.ac.in"
"PARTH MADHAV SINGH","240101129","2024-28","parth.240101129@iiitbh.ac.in"
"VIVEK KUMAR","240101176","2024-28","vivek.240101176@iiitbh.ac.in"
"HIMANSHU VERMA","240101063","2024-28","himanshu.240101063@iiitbh.ac.in"
"AAKANKSHA","240101197","2024-28","aakanksha.240101197@iiitbh.ac.in"
"JATIN RAWAL","240104061","2024-28","jatin.240104061@iiitbh.ac.in"
"UTKARSH RASTOGI","240101060","2024-28","utkarsh.240101060@iiitbh.ac.in"
"AYUSH KUMAR","240101095","2024-28","ayush.240101095@iiitbh.ac.in"
"PUSHPAM RASTOGI","240101062","2024-28","pushpam.240101062@iiitbh.ac.in"
"SATYA NARAYAN VERMA","240101139","2024-28","satya.240101139@iiitbh.ac.in"
"VATSAL LAKHMANI","240104094","2024-28","vatsal.240104094@iiitbh.ac.in"
"RUDRA NARAYAN CHATURVEDI","240101218","2024-28","rudra.240101218@iiitbh.ac.in"
"NILESH KUMAR","240101059","2024-28","nilesh.240101059@iiitbh.ac.in"
"LAVANYA BHARDWAJ","240101148","2024-28","lavanya.240101148@iiitbh.ac.in"
"RAJAT SONI","240101058","2024-28","rajat.240101058@iiitbh.ac.in"
"SRI ANJANEYA KAILASH AMBADIPUDI","240102130","2024-28","sri.240102130@iiitbh.ac.in"
"ABHI SURYAWANSHI","240102221","2024-28","abhi.240102221@iiitbh.ac.in"
"HARSH RAJ","240103217","2024-28","harsh.240103217@iiitbh.ac.in"
"ADITYA NAVENDU","240101287","2024-28","aditya.240101287@iiitbh.ac.in"
"ANUSHKA SONKAR","240102057","2024-28","anushka.240102057@iiitbh.ac.in"
"NEENAVATHU ROHITH SAI MANYA NAIK","240102216","2024-28","neenavathu.240102216@iiitbh.ac.in"
"VIVEK KUMAR","240104208","2024-28","vivek.240104208@iiitbh.ac.in"
"AYUSH RAJ","240102087","2024-28","ayush.240102087@iiitbh.ac.in"
"YASH PRATAP","240101027","2024-28","yash.240101027@iiitbh.ac.in"
"SATVIK SHARMA","240102105","2024-28","satvik.240102105@iiitbh.ac.in"
"CHITIPOLU NAGA TARANI","240101115","2024-28","chitipolu.240101115@iiitbh.ac.in"
"YASH WARDHAN RAI","240101056","2024-28","yash.240101056@iiitbh.ac.in"
"SANJANA SWETA","240103153","2024-28","sanjana.240103153@iiitbh.ac.in"
"VARTIKA SINGH","240101122","2024-28","vartika.240101122@iiitbh.ac.in"
"AYUSH YADAV","240102215","2024-28","ayush.240102215@iiitbh.ac.in"
"ARNAV SAXENA","240103255","2024-28","arnav.240103255@iiitbh.ac.in"
